path,class,label,source_zip,original_name,group_id,duration,original_sample_rate,channels,subtype,read_error
/content/sound_project/classes/horn/horn__0000__1.자동차_10003_1.wav,horn,0,horn.zip,1.자동차_10003_1.wav,horn::1.자동차_10003_1,1.2459863945578231,44100,1,PCM_16,
/content/sound_project/classes/horn/horn__0001__1.자동차_10008_1.wav,horn,0,horn.zip,1.자동차_10008_1.wav,horn::1.자동차_10008_1,1.3189795918367346,44100,1,PCM_16,
/content/sound_project/classes/horn/horn__0002__1.자동차_10037_1.wav,horn,0,horn.zip,1.자동차_10037_1.wav,horn::1.자동차_10037_1,1.04,44100,1,PCM_16,
/content/sound_project/classes/horn/horn__0003__1.자동차_10042_1.wav,horn,0,horn.zip,1.자동차_10042_1.wav,horn::1.자동차_10042_1,1.0219954648526077,44100,1,PCM_16,
/content/sound_project/classes/horn/horn__0004__1.자동차_10063_1.wav,horn,0,horn.zip,1.자동차_10063_1.wav,horn::1.자동차_10063_1,1.0559863945578232,44100,1,PCM_16,
/content/sound_project/classes/horn/horn__0005__1.자동차_10066_1.wav,horn,0,horn.zip,1.자동차_10066_1.wav,horn::1.자동차_10066_1,1.13,44100,1,PCM_16,
/content/sound_project/classes/horn/horn__0006__1.자동차_10084_1.wav,horn,0,horn.zip,1.자동차_10084_1.wav,horn::1.자동차_10084_1,1.2819954648526077,44100,1,PCM_16,
/content/sound_project/classes/horn/horn__0007__1.자동차_10086_1.wav,horn,0,horn.zip,1.자동차_10086_1.wav,horn::1.자동차_10086_1,1.56,44100,1,PCM_16,
/content/sound_project/classes/horn/horn__0008__1.자동차_10093_1.wav,horn,0,horn.zip,1.자동차_10093_1.wav,horn::1.자동차_10093_1,1.0189795918367346,44100,1,PCM_16,
/content/sound_project/classes/horn/horn__0009__1.자동차_10115_1.wav,horn,0,horn.zip,1.자동차_10115_1.wav,horn::1.자동차_10115_1,1.1149886621315193,44100,1,PCM_16,
/content/sound_project/classes/horn/horn__0010__1.자동차_10124_1.wav,horn,0,horn.zip,1.자동차_10124_1.wav,horn::1.자동차_10124_1,1.0609977324263038,44100,1,PCM_16,
/content/sound_project/classes/horn/horn__0011__1.자동차_10126_1.wav,horn,0,horn.zip,1.자동차_10126_1.wav,horn::1.자동차_10126_1,1.6189795918367347,44100,1,PCM_16,
/content/sound_project/classes/horn/horn__0012__1.자동차_10164_1.wav,horn,0,horn.zip,1.자동차_10164_1.wav,horn::1.자동차_10164_1,1.6949886621315193,44100,1,PCM_16,
/content/sound_project/classes/horn/horn__0013__1.자동차_10170_1.wav,horn,0,horn.zip,1.자동차_10170_1.wav,horn::1.자동차_10170_1,1.0849886621315192,44100,1,PCM_16,
/content/sound_project/classes/horn/horn__0014__1.자동차_10173_1.wav,horn,0,horn.zip,1.자동차_10173_1.wav,horn::1.자동차_10173_1,0.7739909297052154,44100,1,PCM_16,
/content/sound_project/classes/horn/horn__0015__1.자동차_10181_1.wav,horn,0,horn.zip,1.자동차_10181_1.wav,horn::1.자동차_10181_1,1.0599773242630386,44100,1,PCM_16,
/content/sound_project/classes/horn/horn__0016__1.자동차_10187_1.wav,horn,0,horn.zip,1.자동차_10187_1.wav,horn::1.자동차_10187_1,1.0129931972789115,44100,1,PCM_16,
/content/sound_project/classes/horn/horn__0017__1.자동차_10224_1.wav,horn,0,horn.zip,1.자동차_10224_1.wav,horn::1.자동차_10224_1,0.98,44100,1,PCM_16,
/content/sound_project/classes/horn/horn__0018__1.자동차_10240_1.wav,horn,0,horn.zip,1.자동차_10240_1.wav,horn::1.자동차_10240_1,1.0029931972789117,44100,1,PCM_16,
/content/sound_project/classes/horn/horn__0019__1.자동차_10249_1.wav,horn,0,horn.zip,1.자동차_10249_1.wav,horn::1.자동차_10249_1,1.0459863945578232,44100,1,PCM_16,
/content/sound_project/classes/horn/horn__0020__1.자동차_10260_1.wav,horn,0,horn.zip,1.자동차_10260_1.wav,horn::1.자동차_10260_1,1.9149886621315193,44100,1,PCM_16,
/content/sound_project/classes/horn/horn__0021__1.자동차_10329_1.wav,horn,0,horn.zip,1.자동차_10329_1.wav,horn::1.자동차_10329_1,1.0059863945578231,44100,1,PCM_16,
/content/sound_project/classes/horn/horn__0022__1.자동차_10330_1.wav,horn,0,horn.zip,1.자동차_10330_1.wav,horn::1.자동차_10330_1,1.2119954648526077,44100,1,PCM_16,
/content/sound_project/classes/horn/horn__0023__1.자동차_10366_1.wav,horn,0,horn.zip,1.자동차_10366_1.wav,horn::1.자동차_10366_1,1.716984126984127,44100,1,PCM_16,
/content/sound_project/classes/horn/horn__0024__1.자동차_10372_1.wav,horn,0,horn.zip,1.자동차_10372_1.wav,horn::1.자동차_10372_1,1.0999773242630386,44100,1,PCM_16,
/content/sound_project/classes/horn/horn__0025__1.자동차_10389_1.wav,horn,0,horn.zip,1.자동차_10389_1.wav,horn::1.자동차_10389_1,1.2559863945578231,44100,1,PCM_16,
/content/sound_project/classes/horn/horn__0026__1.자동차_10390_1.wav,horn,0,horn.zip,1.자동차_10390_1.wav,horn::1.자동차_10390_1,0.9879818594104308,44100,1,PCM_16,
/content/sound_project/classes/horn/horn__0027__1.자동차_10407_1.wav,horn,0,horn.zip,1.자동차_10407_1.wav,horn::1.자동차_10407_1,1.39,44100,1,PCM_16,
/content/sound_project/classes/horn/horn__0028__1.자동차_10420_1.wav,horn,0,horn.zip,1.자동차_10420_1.wav,horn::1.자동차_10420_1,1.5349886621315192,44100,1,PCM_16,
/content/sound_project/classes/horn/horn__0029__1.자동차_10428_1.wav,horn,0,horn.zip,1.자동차_10428_1.wav,horn::1.자동차_10428_1,1.1229931972789116,44100,1,PCM_16,
/content/sound_project/classes/horn/horn__0030__1.자동차_10446_1.wav,horn,0,horn.zip,1.자동차_10446_1.wav,horn::1.자동차_10446_1,1.9419954648526077,44100,1,PCM_16,
/content/sound_project/classes/horn/horn__0031__1.자동차_10468_1.wav,horn,0,horn.zip,1.자동차_10468_1.wav,horn::1.자동차_10468_1,1.1219954648526078,44100,1,PCM_16,
/content/sound_project/classes/horn/horn__0032__1.자동차_10481_1.wav,horn,0,horn.zip,1.자동차_10481_1.wav,horn::1.자동차_10481_1,0.5869841269841269,44100,1,PCM_16,
/content/sound_project/classes/horn/horn__0033__1.자동차_10492_1.wav,horn,0,horn.zip,1.자동차_10492_1.wav,horn::1.자동차_10492_1,1.3009977324263038,44100,1,PCM_16,
/content/sound_project/classes/horn/horn__0034__1.자동차_10506_1.wav,horn,0,horn.zip,1.자동차_10506_1.wav,horn::1.자동차_10506_1,1.4149886621315193,44100,1,PCM_16,
/content/sound_project/classes/horn/horn__0035__1.자동차_10513_1.wav,horn,0,horn.zip,1.자동차_10513_1.wav,horn::1.자동차_10513_1,1.29,44100,1,PCM_16,
/content/sound_project/classes/horn/horn__0036__1.자동차_10516_1.wav,horn,0,horn.zip,1.자동차_10516_1.wav,horn::1.자동차_10516_1,0.9879818594104308,44100,1,PCM_16,
/content/sound_project/classes/horn/horn__0037__1.자동차_10533_1.wav,horn,0,horn.zip,1.자동차_10533_1.wav,horn::1.자동차_10533_1,1.0269841269841269,44100,1,PCM_16,
/content/sound_project/classes/horn/horn__0038__1.자동차_10534_1.wav,horn,0,horn.zip,1.자동차_10534_1.wav,horn::1.자동차_10534_1,1.04,22050,1,PCM_16,
/content/sound_project/classes/horn/horn__0039__1.자동차_10565_1.wav,horn,0,horn.zip,1.자동차_10565_1.wav,horn::1.자동차_10565_1,1.0339909297052154,44100,1,PCM_16,
/content/sound_project/classes/horn/horn__0040__1.자동차_10568_1.wav,horn,0,horn.zip,1.자동차_10568_1.wav,horn::1.자동차_10568_1,1.1409977324263039,44100,1,PCM_16,
/content/sound_project/classes/horn/horn__0041__1.자동차_10574_1.wav,horn,0,horn.zip,1.자동차_10574_1.wav,horn::1.자동차_10574_1,1.5019954648526077,44100,1,PCM_16,
/content/sound_project/classes/horn/horn__0042__1.자동차_105_1.wav,horn,0,horn.zip,1.자동차_105_1.wav,horn::1.자동차_105_1,0.73,44100,1,PCM_16,
/content/sound_project/classes/horn/horn__0043__1.자동차_10607_1.wav,horn,0,horn.zip,1.자동차_10607_1.wav,horn::1.자동차_10607_1,0.9949659863945578,22050,1,PCM_16,
/content/sound_project/classes/horn/horn__0044__1.자동차_10695_1.wav,horn,0,horn.zip,1.자동차_10695_1.wav,horn::1.자동차_10695_1,0.97,44100,1,PCM_16,
/content/sound_project/classes/horn/horn__0045__1.자동차_10701_1.wav,horn,0,horn.zip,1.자동차_10701_1.wav,horn::1.자동차_10701_1,0.8459863945578231,44100,1,PCM_16,
/content/sound_project/classes/horn/horn__0046__1.자동차_10729_1.wav,horn,0,horn.zip,1.자동차_10729_1.wav,horn::1.자동차_10729_1,1.406984126984127,44100,1,PCM_16,
/content/sound_project/classes/horn/horn__0047__1.자동차_10732_1.wav,horn,0,horn.zip,1.자동차_10732_1.wav,horn::1.자동차_10732_1,0.7609977324263039,44100,1,PCM_16,
/content/sound_project/classes/horn/horn__0048__1.자동차_10748_1.wav,horn,0,horn.zip,1.자동차_10748_1.wav,horn::1.자동차_10748_1,0.5199773242630386,44100,1,PCM_16,
/content/sound_project/classes/horn/horn__0049__1.자동차_10800_1.wav,horn,0,horn.zip,1.자동차_10800_1.wav,horn::1.자동차_10800_1,0.666984126984127,44100,1,PCM_16,
/content/sound_project/classes/horn/horn__0050__1.자동차_10818_1.wav,horn,0,horn.zip,1.자동차_10818_1.wav,horn::1.자동차_10818_1,1.0379818594104309,44100,1,PCM_16,
/content/sound_project/classes/horn/horn__0051__1.자동차_10825_1.wav,horn,0,horn.zip,1.자동차_10825_1.wav,horn::1.자동차_10825_1,1.0579591836734694,22050,1,PCM_16,
/content/sound_project/classes/horn/horn__0052__1.자동차_10826_1.wav,horn,0,horn.zip,1.자동차_10826_1.wav,horn::1.자동차_10826_1,1.17,44100,1,PCM_16,
/content/sound_project/classes/horn/horn__0053__1.자동차_10832_1.wav,horn,0,horn.zip,1.자동차_10832_1.wav,horn::1.자동차_10832_1,1.4329931972789116,44100,1,PCM_16,
/content/sound_project/classes/horn/horn__0054__1.자동차_10844_1.wav,horn,0,horn.zip,1.자동차_10844_1.wav,horn::1.자동차_10844_1,1.0169614512471656,22050,1,PCM_16,
/content/sound_project/classes/horn/horn__0055__1.자동차_10849_1.wav,horn,0,horn.zip,1.자동차_10849_1.wav,horn::1.자동차_10849_1,1.695986394557823,44100,1,PCM_16,
/content/sound_project/classes/horn/horn__0056__1.자동차_10857_1.wav,horn,0,horn.zip,1.자동차_10857_1.wav,horn::1.자동차_10857_1,1.5849886621315192,44100,1,PCM_16,
/content/sound_project/classes/horn/horn__0057__1.자동차_10888_1.wav,horn,0,horn.zip,1.자동차_10888_1.wav,horn::1.자동차_10888_1,1.5319954648526077,44100,1,PCM_16,
/content/sound_project/classes/horn/horn__0058__1.자동차_10900_1.wav,horn,0,horn.zip,1.자동차_10900_1.wav,horn::1.자동차_10900_1,1.27,44100,1,PCM_16,
/content/sound_project/classes/horn/horn__0059__1.자동차_10958_1.wav,horn,0,horn.zip,1.자동차_10958_1.wav,horn::1.자동차_10958_1,1.420997732426304,44100,1,PCM_16,
/content/sound_project/classes/horn/horn__0060__1.자동차_10983_1.wav,horn,0,horn.zip,1.자동차_10983_1.wav,horn::1.자동차_10983_1,0.95,44100,1,PCM_16,
/content/sound_project/classes/horn/horn__0061__1.자동차_10989_1.wav,horn,0,horn.zip,1.자동차_10989_1.wav,horn::1.자동차_10989_1,1.2959863945578232,44100,1,PCM_16,
/content/sound_project/classes/horn/horn__0062__1.자동차_11001_1.wav,horn,0,horn.zip,1.자동차_11001_1.wav,horn::1.자동차_11001_1,0.5859863945578231,44100,1,PCM_16,
/content/sound_project/classes/horn/horn__0063__1.자동차_11018_1.wav,horn,0,horn.zip,1.자동차_11018_1.wav,horn::1.자동차_11018_1,1.0829931972789115,44100,1,PCM_16,
/content/sound_project/classes/horn/horn__0064__1.자동차_11040_1.wav,horn,0,horn.zip,1.자동차_11040_1.wav,horn::1.자동차_11040_1,0.766984126984127,44100,1,PCM_16,
/content/sound_project/classes/horn/horn__0065__1.자동차_11049_1.wav,horn,0,horn.zip,1.자동차_11049_1.wav,horn::1.자동차_11049_1,0.65,44100,1,PCM_16,
/content/sound_project/classes/horn/horn__0066__1.자동차_11082_1.wav,horn,0,horn.zip,1.자동차_11082_1.wav,horn::1.자동차_11082_1,1.9979818594104308,44100,1,PCM_16,
/content/sound_project/classes/horn/horn__0067__1.자동차_11112_1.wav,horn,0,horn.zip,1.자동차_11112_1.wav,horn::1.자동차_11112_1,0.5239909297052154,44100,1,PCM_16,
/content/sound_project/classes/horn/horn__0068__1.자동차_11114_1.wav,horn,0,horn.zip,1.자동차_11114_1.wav,horn::1.자동차_11114_1,1.73,44100,1,PCM_16,
/content/sound_project/classes/horn/horn__0069__1.자동차_11122_1.wav,horn,0,horn.zip,1.자동차_11122_1.wav,horn::1.자동차_11122_1,1.2859863945578232,44100,1,PCM_16,
/content/sound_project/classes/horn/horn__0070__1.자동차_11135_1.wav,horn,0,horn.zip,1.자동차_11135_1.wav,horn::1.자동차_11135_1,1.5209977324263038,44100,1,PCM_16,
/content/sound_project/classes/horn/horn__0071__1.자동차_11143_1.wav,horn,0,horn.zip,1.자동차_11143_1.wav,horn::1.자동차_11143_1,1.8209977324263038,44100,1,PCM_16,
/content/sound_project/classes/horn/horn__0072__1.자동차_11154_1.wav,horn,0,horn.zip,1.자동차_11154_1.wav,horn::1.자동차_11154_1,0.8309977324263038,44100,1,PCM_16,
/content/sound_project/classes/horn/horn__0073__1.자동차_11163_1.wav,horn,0,horn.zip,1.자동차_11163_1.wav,horn::1.자동차_11163_1,1.3139909297052155,44100,1,PCM_16,
/content/sound_project/classes/horn/horn__0074__1.자동차_11166_1.wav,horn,0,horn.zip,1.자동차_11166_1.wav,horn::1.자동차_11166_1,1.006984126984127,44100,1,PCM_16,
/content/sound_project/classes/horn/horn__0075__1.자동차_11170_1.wav,horn,0,horn.zip,1.자동차_11170_1.wav,horn::1.자동차_11170_1,1.1799773242630385,44100,1,PCM_16,
/content/sound_project/classes/horn/horn__0076__1.자동차_11178_1.wav,horn,0,horn.zip,1.자동차_11178_1.wav,horn::1.자동차_11178_1,1.0319954648526077,44100,1,PCM_16,
/content/sound_project/classes/horn/horn__0077__1.자동차_11192_1.wav,horn,0,horn.zip,1.자동차_11192_1.wav,horn::1.자동차_11192_1,1.2489795918367348,44100,1,PCM_16,
/content/sound_project/classes/horn/horn__0078__1.자동차_11195_1.wav,horn,0,horn.zip,1.자동차_11195_1.wav,horn::1.자동차_11195_1,0.9759863945578231,44100,1,PCM_16,
/content/sound_project/classes/horn/horn__0079__1.자동차_11201_1.wav,horn,0,horn.zip,1.자동차_11201_1.wav,horn::1.자동차_11201_1,0.6799773242630386,44100,1,PCM_16,
/content/sound_project/classes/horn/horn__0080__1.자동차_11264_1.wav,horn,0,horn.zip,1.자동차_11264_1.wav,horn::1.자동차_11264_1,1.480997732426304,44100,1,PCM_16,
/content/sound_project/classes/horn/horn__0081__1.자동차_11271_1.wav,horn,0,horn.zip,1.자동차_11271_1.wav,horn::1.자동차_11271_1,1.0229931972789115,44100,1,PCM_16,
/content/sound_project/classes/horn/horn__0082__1.자동차_11279_1.wav,horn,0,horn.zip,1.자동차_11279_1.wav,horn::1.자동차_11279_1,0.666984126984127,44100,1,PCM_16,
/content/sound_project/classes/horn/horn__0083__1.자동차_11282_1.wav,horn,0,horn.zip,1.자동차_11282_1.wav,horn::1.자동차_11282_1,1.0059863945578231,44100,1,PCM_16,
/content/sound_project/classes/horn/horn__0084__1.자동차_11287_1.wav,horn,0,horn.zip,1.자동차_11287_1.wav,horn::1.자동차_11287_1,1.5269841269841269,44100,1,PCM_16,
/content/sound_project/classes/horn/horn__0085__1.자동차_11294_1.wav,horn,0,horn.zip,1.자동차_11294_1.wav,horn::1.자동차_11294_1,1.48,44100,1,PCM_16,
/content/sound_project/classes/horn/horn__0086__1.자동차_11305_1.wav,horn,0,horn.zip,1.자동차_11305_1.wav,horn::1.자동차_11305_1,1.43,44100,1,PCM_16,
/content/sound_project/classes/horn/horn__0087__1.자동차_11315_1.wav,horn,0,horn.zip,1.자동차_11315_1.wav,horn::1.자동차_11315_1,1.0089795918367348,44100,1,PCM_16,
/content/sound_project/classes/horn/horn__0088__1.자동차_11317_1.wav,horn,0,horn.zip,1.자동차_11317_1.wav,horn::1.자동차_11317_1,1.2219954648526077,44100,1,PCM_16,
/content/sound_project/classes/horn/horn__0089__1.자동차_11339_1.wav,horn,0,horn.zip,1.자동차_11339_1.wav,horn::1.자동차_11339_1,1.13,44100,1,PCM_16,
/content/sound_project/classes/horn/horn__0090__1.자동차_11340_1.wav,horn,0,horn.zip,1.자동차_11340_1.wav,horn::1.자동차_11340_1,0.7489795918367347,44100,1,PCM_16,
/content/sound_project/classes/horn/horn__0091__1.자동차_11352_1.wav,horn,0,horn.zip,1.자동차_11352_1.wav,horn::1.자동차_11352_1,0.8289795918367346,44100,1,PCM_16,
/content/sound_project/classes/horn/horn__0092__1.자동차_11375_1.wav,horn,0,horn.zip,1.자동차_11375_1.wav,horn::1.자동차_11375_1,1.357981859410431,44100,1,PCM_16,
/content/sound_project/classes/horn/horn__0093__1.자동차_11381_1.wav,horn,0,horn.zip,1.자동차_11381_1.wav,horn::1.자동차_11381_1,1.0649886621315192,44100,1,PCM_16,
/content/sound_project/classes/horn/horn__0094__1.자동차_11390_1.wav,horn,0,horn.zip,1.자동차_11390_1.wav,horn::1.자동차_11390_1,0.71,44100,1,PCM_16,
/content/sound_project/classes/horn/horn__0095__1.자동차_11425_1.wav,horn,0,horn.zip,1.자동차_11425_1.wav,horn::1.자동차_11425_1,1.05297052154195,22050,1,PCM_16,
/content/sound_project/classes/horn/horn__0096__1.자동차_11427_1.wav,horn,0,horn.zip,1.자동차_11427_1.wav,horn::1.자동차_11427_1,0.69,44100,1,PCM_16,
/content/sound_project/classes/horn/horn__0097__1.자동차_11450_1.wav,horn,0,horn.zip,1.자동차_11450_1.wav,horn::1.자동차_11450_1,1.4179818594104308,44100,1,PCM_16,
/content/sound_project/classes/horn/horn__0098__1.자동차_11454_1.wav,horn,0,horn.zip,1.자동차_11454_1.wav,horn::1.자동차_11454_1,1.8329931972789115,44100,1,PCM_16,
/content/sound_project/classes/horn/horn__0099__1.자동차_11463_1.wav,horn,0,horn.zip,1.자동차_11463_1.wav,horn::1.자동차_11463_1,1.485986394557823,44100,1,PCM_16,
/content/sound_project/classes/horn/horn__0100__1.자동차_11473_1.wav,horn,0,horn.zip,1.자동차_11473_1.wav,horn::1.자동차_11473_1,0.35498866213151925,44100,1,PCM_16,
/content/sound_project/classes/horn/horn__0101__1.자동차_11485_1.wav,horn,0,horn.zip,1.자동차_11485_1.wav,horn::1.자동차_11485_1,1.2239909297052154,44100,1,PCM_16,
/content/sound_project/classes/horn/horn__0102__1.자동차_11497_1.wav,horn,0,horn.zip,1.자동차_11497_1.wav,horn::1.자동차_11497_1,1.0309977324263038,44100,1,PCM_16,
/content/sound_project/classes/horn/horn__0103__1.자동차_11500_1.wav,horn,0,horn.zip,1.자동차_11500_1.wav,horn::1.자동차_11500_1,1.3009977324263038,44100,1,PCM_16,
/content/sound_project/classes/horn/horn__0104__1.자동차_11505_1.wav,horn,0,horn.zip,1.자동차_11505_1.wav,horn::1.자동차_11505_1,1.9239909297052153,44100,1,PCM_16,
/content/sound_project/classes/horn/horn__0105__1.자동차_11526_1.wav,horn,0,horn.zip,1.자동차_11526_1.wav,horn::1.자동차_11526_1,1.1429931972789116,44100,1,PCM_16,
/content/sound_project/classes/horn/horn__0106__1.자동차_11532_1.wav,horn,0,horn.zip,1.자동차_11532_1.wav,horn::1.자동차_11532_1,1.4739909297052154,44100,1,PCM_16,
/content/sound_project/classes/horn/horn__0107__1.자동차_11552_1.wav,horn,0,horn.zip,1.자동차_11552_1.wav,horn::1.자동차_11552_1,0.45,44100,1,PCM_16,
/content/sound_project/classes/horn/horn__0108__1.자동차_125_1.wav,horn,0,horn.zip,1.자동차_125_1.wav,horn::1.자동차_125_1,1.27,44100,2,PCM_16,
/content/sound_project/classes/horn/horn__0109__1.자동차_126_1.wav,horn,0,horn.zip,1.자동차_126_1.wav,horn::1.자동차_126_1,1.2,44100,2,PCM_16,
/content/sound_project/classes/horn/horn__0110__1.자동차_140_1.wav,horn,0,horn.zip,1.자동차_140_1.wav,horn::1.자동차_140_1,1.24,44100,1,PCM_16,
/content/sound_project/classes/horn/horn__0111__1.자동차_163_1.wav,horn,0,horn.zip,1.자동차_163_1.wav,horn::1.자동차_163_1,1.57,44100,1,PCM_16,
/content/sound_project/classes/horn/horn__0112__1.자동차_19853_1.wav,horn,0,horn.zip,1.자동차_19853_1.wav,horn::1.자동차_19853_1,0.97,44100,1,PCM_16,
/content/sound_project/classes/horn/horn__0113__1.자동차_202_1.wav,horn,0,horn.zip,1.자동차_202_1.wav,horn::1.자동차_202_1,1.04,44100,2,PCM_16,
/content/sound_project/classes/horn/horn__0114__1.자동차_20377_1.wav,horn,0,horn.zip,1.자동차_20377_1.wav,horn::1.자동차_20377_1,1.27,44100,1,PCM_16,
/content/sound_project/classes/horn/horn__0115__1.자동차_21_1.wav,horn,0,horn.zip,1.자동차_21_1.wav,horn::1.자동차_21_1,1.27,44100,2,PCM_16,
/content/sound_project/classes/horn/horn__0116__1.자동차_32_1.wav,horn,0,horn.zip,1.자동차_32_1.wav,horn::1.자동차_32_1,1.25,44100,1,PCM_16,
/content/sound_project/classes/horn/horn__0117__1.자동차_54_1.wav,horn,0,horn.zip,1.자동차_54_1.wav,horn::1.자동차_54_1,0.94,44100,1,PCM_16,
/content/sound_project/classes/horn/horn__0118__1.자동차_9973_1.wav,horn,0,horn.zip,1.자동차_9973_1.wav,horn::1.자동차_9973_1,1.316984126984127,44100,1,PCM_16,
/content/sound_project/classes/horn/horn_2__0000__1.자동차_101_1.wav,horn,0,horn_2.zip,1.자동차_101_1.wav,horn_2::1.자동차_101_1,2.0,44100,2,PCM_16,
/content/sound_project/classes/horn/horn_2__0001__1.자동차_10412_1.wav,horn,0,horn_2.zip,1.자동차_10412_1.wav,horn_2::1.자동차_10412_1,2.0,44100,1,PCM_16,
/content/sound_project/classes/horn/horn_2__0002__1.자동차_10_1.wav,horn,0,horn_2.zip,1.자동차_10_1.wav,horn_2::1.자동차_10_1,2.0,44100,1,PCM_16,
/content/sound_project/classes/horn/horn_2__0003__1.자동차_11324_1.wav,horn,0,horn_2.zip,1.자동차_11324_1.wav,horn_2::1.자동차_11324_1,2.0,44100,1,PCM_16,
/content/sound_project/classes/horn/horn_2__0004__1.자동차_11369_1.wav,horn,0,horn_2.zip,1.자동차_11369_1.wav,horn_2::1.자동차_11369_1,2.0,44100,1,PCM_16,
/content/sound_project/classes/horn/horn_2__0005__1.자동차_11431_1.wav,horn,0,horn_2.zip,1.자동차_11431_1.wav,horn_2::1.자동차_11431_1,2.0,44100,1,PCM_16,
/content/sound_project/classes/horn/horn_2__0006__1.자동차_11517_1.wav,horn,0,horn_2.zip,1.자동차_11517_1.wav,horn_2::1.자동차_11517_1,2.0,44100,1,PCM_16,
/content/sound_project/classes/horn/horn_2__0007__1.자동차_195_1.wav,horn,0,horn_2.zip,1.자동차_195_1.wav,horn_2::1.자동차_195_1,2.0,44100,1,PCM_16,
/content/sound_project/classes/horn/horn_2__0008__1.자동차_30706_1.wav,horn,0,horn_2.zip,1.자동차_30706_1.wav,horn_2::1.자동차_30706_1,2.0,44100,1,PCM_16,
/content/sound_project/classes/horn/horn_2__0009__1.자동차_30719_1.wav,horn,0,horn_2.zip,1.자동차_30719_1.wav,horn_2::1.자동차_30719_1,2.0,44100,1,PCM_16,
/content/sound_project/classes/horn/horn_2__0010__1.자동차_30730_1.wav,horn,0,horn_2.zip,1.자동차_30730_1.wav,horn_2::1.자동차_30730_1,2.0,44100,1,PCM_16,
/content/sound_project/classes/horn/horn_2__0011__1.자동차_30818_1.wav,horn,0,horn_2.zip,1.자동차_30818_1.wav,horn_2::1.자동차_30818_1,2.0,44100,1,PCM_16,
/content/sound_project/classes/horn/horn_2__0012__1.자동차_30891_1.wav,horn,0,horn_2.zip,1.자동차_30891_1.wav,horn_2::1.자동차_30891_1,2.0,44100,1,PCM_16,
/content/sound_project/classes/horn/horn_2__0013__1.자동차_30904_1.wav,horn,0,horn_2.zip,1.자동차_30904_1.wav,horn_2::1.자동차_30904_1,2.0,44100,1,PCM_16,
/content/sound_project/classes/horn/horn_2__0014__1.자동차_30905_1.wav,horn,0,horn_2.zip,1.자동차_30905_1.wav,horn_2::1.자동차_30905_1,2.0,44100,1,PCM_16,
/content/sound_project/classes/horn/horn_2__0015__1.자동차_30969_1.wav,horn,0,horn_2.zip,1.자동차_30969_1.wav,horn_2::1.자동차_30969_1,2.0,44100,1,PCM_16,
/content/sound_project/classes/horn/horn_2__0016__1.자동차_30975_1.wav,horn,0,horn_2.zip,1.자동차_30975_1.wav,horn_2::1.자동차_30975_1,2.0,44100,1,PCM_16,
/content/sound_project/classes/horn/horn_2__0017__1.자동차_30978_1.wav,horn,0,horn_2.zip,1.자동차_30978_1.wav,horn_2::1.자동차_30978_1,2.0,44100,1,PCM_16,
/content/sound_project/classes/horn/horn_2__0018__1.자동차_30989_1.wav,horn,0,horn_2.zip,1.자동차_30989_1.wav,horn_2::1.자동차_30989_1,2.0,44100,1,PCM_16,
/content/sound_project/classes/horn/horn_2__0019__1.자동차_31000_1.wav,horn,0,horn_2.zip,1.자동차_31000_1.wav,horn_2::1.자동차_31000_1,2.0,44100,1,PCM_16,
/content/sound_project/classes/horn/horn_2__0020__1.자동차_31011_1.wav,horn,0,horn_2.zip,1.자동차_31011_1.wav,horn_2::1.자동차_31011_1,2.0,44100,1,PCM_16,
/content/sound_project/classes/horn/horn_2__0021__1.자동차_31038_1.wav,horn,0,horn_2.zip,1.자동차_31038_1.wav,horn_2::1.자동차_31038_1,2.0,44100,1,PCM_16,
/content/sound_project/classes/horn/horn_2__0022__1.자동차_31058_1.wav,horn,0,horn_2.zip,1.자동차_31058_1.wav,horn_2::1.자동차_31058_1,2.0,44100,1,PCM_16,
/content/sound_project/classes/horn/horn_2__0023__1.자동차_31072_1.wav,horn,0,horn_2.zip,1.자동차_31072_1.wav,horn_2::1.자동차_31072_1,2.0,44100,1,PCM_16,
/content/sound_project/classes/horn/horn_2__0024__1.자동차_31094_1.wav,horn,0,horn_2.zip,1.자동차_31094_1.wav,horn_2::1.자동차_31094_1,2.0,44100,1,PCM_16,
/content/sound_project/classes/horn/horn_2__0025__1.자동차_31096_1.wav,horn,0,horn_2.zip,1.자동차_31096_1.wav,horn_2::1.자동차_31096_1,2.0,44100,1,PCM_16,
/content/sound_project/classes/horn/horn_2__0026__1.자동차_31114_1.wav,horn,0,horn_2.zip,1.자동차_31114_1.wav,horn_2::1.자동차_31114_1,2.0,44100,1,PCM_16,
/content/sound_project/classes/horn/horn_2__0027__1.자동차_31138_1.wav,horn,0,horn_2.zip,1.자동차_31138_1.wav,horn_2::1.자동차_31138_1,2.0,44100,1,PCM_16,
/content/sound_project/classes/horn/horn_2__0028__1.자동차_31157_1.wav,horn,0,horn_2.zip,1.자동차_31157_1.wav,horn_2::1.자동차_31157_1,2.0,44100,1,PCM_16,
/content/sound_project/classes/horn/horn_2__0029__1.자동차_31158_1.wav,horn,0,horn_2.zip,1.자동차_31158_1.wav,horn_2::1.자동차_31158_1,2.0,44100,1,PCM_16,
/content/sound_project/classes/horn/horn_2__0030__1.자동차_31173_1.wav,horn,0,horn_2.zip,1.자동차_31173_1.wav,horn_2::1.자동차_31173_1,2.0,44100,1,PCM_16,
/content/sound_project/classes/horn/horn_2__0031__1.자동차_31221_1.wav,horn,0,horn_2.zip,1.자동차_31221_1.wav,horn_2::1.자동차_31221_1,2.0,44100,1,PCM_16,
/content/sound_project/classes/horn/horn_2__0032__1.자동차_31225_1.wav,horn,0,horn_2.zip,1.자동차_31225_1.wav,horn_2::1.자동차_31225_1,2.0,44100,1,PCM_16,
/content/sound_project/classes/horn/horn_2__0033__1.자동차_31261_1.wav,horn,0,horn_2.zip,1.자동차_31261_1.wav,horn_2::1.자동차_31261_1,2.0,44100,1,PCM_16,
/content/sound_project/classes/horn/horn_2__0034__1.자동차_31285_1.wav,horn,0,horn_2.zip,1.자동차_31285_1.wav,horn_2::1.자동차_31285_1,2.0,44100,1,PCM_16,
/content/sound_project/classes/horn/horn_2__0035__1.자동차_31293_1.wav,horn,0,horn_2.zip,1.자동차_31293_1.wav,horn_2::1.자동차_31293_1,2.0,44100,1,PCM_16,
/content/sound_project/classes/horn/horn_2__0036__1.자동차_31348_1.wav,horn,0,horn_2.zip,1.자동차_31348_1.wav,horn_2::1.자동차_31348_1,2.0,44100,1,PCM_16,
/content/sound_project/classes/horn/horn_2__0037__1.자동차_31419_1.wav,horn,0,horn_2.zip,1.자동차_31419_1.wav,horn_2::1.자동차_31419_1,2.0,44100,1,PCM_16,
/content/sound_project/classes/horn/horn_2__0038__1.자동차_31480_1.wav,horn,0,horn_2.zip,1.자동차_31480_1.wav,horn_2::1.자동차_31480_1,2.0,44100,1,PCM_16,
/content/sound_project/classes/horn/horn_2__0039__1.자동차_31486_1.wav,horn,0,horn_2.zip,1.자동차_31486_1.wav,horn_2::1.자동차_31486_1,2.0,44100,1,PCM_16,
/content/sound_project/classes/horn/horn_2__0040__1.자동차_31500_1.wav,horn,0,horn_2.zip,1.자동차_31500_1.wav,horn_2::1.자동차_31500_1,2.0,44100,1,PCM_16,
/content/sound_project/classes/horn/horn_2__0041__1.자동차_31538_1.wav,horn,0,horn_2.zip,1.자동차_31538_1.wav,horn_2::1.자동차_31538_1,2.0,44100,1,PCM_16,
/content/sound_project/classes/horn/horn_2__0042__1.자동차_31540_1.wav,horn,0,horn_2.zip,1.자동차_31540_1.wav,horn_2::1.자동차_31540_1,2.0,44100,1,PCM_16,
/content/sound_project/classes/horn/horn_2__0043__1.자동차_31559_1.wav,horn,0,horn_2.zip,1.자동차_31559_1.wav,horn_2::1.자동차_31559_1,2.0,44100,1,PCM_16,
/content/sound_project/classes/horn/horn_2__0044__1.자동차_31597_1.wav,horn,0,horn_2.zip,1.자동차_31597_1.wav,horn_2::1.자동차_31597_1,2.0,44100,1,PCM_16,
/content/sound_project/classes/horn/horn_2__0045__1.자동차_31686_1.wav,horn,0,horn_2.zip,1.자동차_31686_1.wav,horn_2::1.자동차_31686_1,2.0,44100,1,PCM_16,
/content/sound_project/classes/horn/horn_2__0046__1.자동차_31706_1.wav,horn,0,horn_2.zip,1.자동차_31706_1.wav,horn_2::1.자동차_31706_1,2.0,44100,1,PCM_16,
/content/sound_project/classes/horn/horn_2__0047__1.자동차_31738_1.wav,horn,0,horn_2.zip,1.자동차_31738_1.wav,horn_2::1.자동차_31738_1,2.0,44100,1,PCM_16,
/content/sound_project/classes/horn/horn_2__0048__1.자동차_87205_1.wav,horn,0,horn_2.zip,1.자동차_87205_1.wav,horn_2::1.자동차_87205_1,2.0,44100,1,PCM_32,
/content/sound_project/classes/horn/horn_2__0049__1.자동차_87206_1.wav,horn,0,horn_2.zip,1.자동차_87206_1.wav,horn_2::1.자동차_87206_1,2.0,44100,1,PCM_32,
/content/sound_project/classes/horn/horn_2__0050__1.자동차_87212_1.wav,horn,0,horn_2.zip,1.자동차_87212_1.wav,horn_2::1.자동차_87212_1,2.0,44100,1,PCM_16,
/content/sound_project/classes/horn/horn_2__0051__1.자동차_87245_1.wav,horn,0,horn_2.zip,1.자동차_87245_1.wav,horn_2::1.자동차_87245_1,2.0,44100,1,PCM_32,
/content/sound_project/classes/horn/horn_2__0052__1.자동차_87278_1.wav,horn,0,horn_2.zip,1.자동차_87278_1.wav,horn_2::1.자동차_87278_1,2.0,44100,1,PCM_32,
/content/sound_project/classes/horn/horn_2__0053__1.자동차_87286_1.wav,horn,0,horn_2.zip,1.자동차_87286_1.wav,horn_2::1.자동차_87286_1,2.0,44100,1,PCM_32,
/content/sound_project/classes/horn/horn_2__0054__1.자동차_87290_1.wav,horn,0,horn_2.zip,1.자동차_87290_1.wav,horn_2::1.자동차_87290_1,2.0,44100,1,PCM_32,
/content/sound_project/classes/horn/horn_2__0055__1.자동차_87291_1.wav,horn,0,horn_2.zip,1.자동차_87291_1.wav,horn_2::1.자동차_87291_1,2.0,44100,1,PCM_32,
/content/sound_project/classes/horn/horn_2__0056__1.자동차_87316_1.wav,horn,0,horn_2.zip,1.자동차_87316_1.wav,horn_2::1.자동차_87316_1,2.0,44100,1,PCM_32,
/content/sound_project/classes/horn/horn_2__0057__1.자동차_87331_1.wav,horn,0,horn_2.zip,1.자동차_87331_1.wav,horn_2::1.자동차_87331_1,2.0,44100,1,PCM_32,
/content/sound_project/classes/horn/horn_2__0058__1.자동차_87340_1.wav,horn,0,horn_2.zip,1.자동차_87340_1.wav,horn_2::1.자동차_87340_1,2.0,44100,1,PCM_32,
/content/sound_project/classes/horn/horn_2__0059__1.자동차_87348_1.wav,horn,0,horn_2.zip,1.자동차_87348_1.wav,horn_2::1.자동차_87348_1,2.0,44100,1,PCM_32,
/content/sound_project/classes/horn/horn_2__0060__1.자동차_87360_1.wav,horn,0,horn_2.zip,1.자동차_87360_1.wav,horn_2::1.자동차_87360_1,2.0,44100,1,PCM_32,
/content/sound_project/classes/horn/horn_2__0061__1.자동차_87371_1.wav,horn,0,horn_2.zip,1.자동차_87371_1.wav,horn_2::1.자동차_87371_1,2.0,44100,1,PCM_32,
/content/sound_project/classes/horn/horn_2__0062__1.자동차_87381_1.wav,horn,0,horn_2.zip,1.자동차_87381_1.wav,horn_2::1.자동차_87381_1,2.0,44100,1,PCM_32,
/content/sound_project/classes/horn/horn_2__0063__1.자동차_87404_1.wav,horn,0,horn_2.zip,1.자동차_87404_1.wav,horn_2::1.자동차_87404_1,2.0,44100,1,PCM_32,
/content/sound_project/classes/horn/horn_2__0064__1.자동차_87477_1.wav,horn,0,horn_2.zip,1.자동차_87477_1.wav,horn_2::1.자동차_87477_1,2.0,44100,1,PCM_32,
/content/sound_project/classes/horn/horn_2__0065__1.자동차_87510_1.wav,horn,0,horn_2.zip,1.자동차_87510_1.wav,horn_2::1.자동차_87510_1,2.0,44100,1,PCM_32,
/content/sound_project/classes/horn/horn_2__0066__1.자동차_87547_1.wav,horn,0,horn_2.zip,1.자동차_87547_1.wav,horn_2::1.자동차_87547_1,2.0,44100,1,PCM_32,
/content/sound_project/classes/horn/horn_2__0067__1.자동차_87566_1.wav,horn,0,horn_2.zip,1.자동차_87566_1.wav,horn_2::1.자동차_87566_1,2.0,44100,1,PCM_16,
/content/sound_project/classes/horn/horn_2__0068__1.자동차_87573_1.wav,horn,0,horn_2.zip,1.자동차_87573_1.wav,horn_2::1.자동차_87573_1,2.0,44100,1,PCM_32,
/content/sound_project/classes/horn/horn_2__0069__1.자동차_87592_1.wav,horn,0,horn_2.zip,1.자동차_87592_1.wav,horn_2::1.자동차_87592_1,2.0,44100,1,PCM_32,
/content/sound_project/classes/horn/horn_2__0070__1.자동차_87601_1.wav,horn,0,horn_2.zip,1.자동차_87601_1.wav,horn_2::1.자동차_87601_1,2.0,44100,1,PCM_32,
/content/sound_project/classes/horn/horn_2__0071__1.자동차_87617_1.wav,horn,0,horn_2.zip,1.자동차_87617_1.wav,horn_2::1.자동차_87617_1,2.0,44100,1,PCM_32,
/content/sound_project/classes/horn/horn_2__0072__1.자동차_87646_1.wav,horn,0,horn_2.zip,1.자동차_87646_1.wav,horn_2::1.자동차_87646_1,2.0,44100,1,PCM_32,
/content/sound_project/classes/horn/horn_2__0073__1.자동차_87648_1.wav,horn,0,horn_2.zip,1.자동차_87648_1.wav,horn_2::1.자동차_87648_1,2.0,44100,1,PCM_32,
/content/sound_project/classes/horn/horn_2__0074__1.자동차_87759_1.wav,horn,0,horn_2.zip,1.자동차_87759_1.wav,horn_2::1.자동차_87759_1,2.0,44100,1,PCM_32,
/content/sound_project/classes/horn/horn_2__0075__1.자동차_87775_1.wav,horn,0,horn_2.zip,1.자동차_87775_1.wav,horn_2::1.자동차_87775_1,2.0,44100,1,PCM_32,
/content/sound_project/classes/horn/horn_2__0076__1.자동차_87778_1.wav,horn,0,horn_2.zip,1.자동차_87778_1.wav,horn_2::1.자동차_87778_1,2.0,44100,1,PCM_32,
/content/sound_project/classes/horn/horn_2__0077__1.자동차_87795_1.wav,horn,0,horn_2.zip,1.자동차_87795_1.wav,horn_2::1.자동차_87795_1,2.0,44100,1,PCM_32,
/content/sound_project/classes/horn/horn_2__0078__1.자동차_87806_1.wav,horn,0,horn_2.zip,1.자동차_87806_1.wav,horn_2::1.자동차_87806_1,2.0,44100,1,PCM_32,
/content/sound_project/classes/horn/horn_2__0079__1.자동차_87822_1.wav,horn,0,horn_2.zip,1.자동차_87822_1.wav,horn_2::1.자동차_87822_1,2.0,44100,1,PCM_32,
/content/sound_project/classes/horn/horn_2__0080__1.자동차_87837_1.wav,horn,0,horn_2.zip,1.자동차_87837_1.wav,horn_2::1.자동차_87837_1,2.0,44100,1,PCM_32,
/content/sound_project/classes/horn/horn_2__0081__1.자동차_87885_1.wav,horn,0,horn_2.zip,1.자동차_87885_1.wav,horn_2::1.자동차_87885_1,2.0,44100,1,PCM_32,
/content/sound_project/classes/horn/horn_2__0082__1.자동차_87893_1.wav,horn,0,horn_2.zip,1.자동차_87893_1.wav,horn_2::1.자동차_87893_1,2.0,44100,1,PCM_32,
/content/sound_project/classes/horn/horn_2__0083__1.자동차_87906_1.wav,horn,0,horn_2.zip,1.자동차_87906_1.wav,horn_2::1.자동차_87906_1,2.0,44100,1,PCM_32,
/content/sound_project/classes/horn/horn_2__0084__1.자동차_87909_1.wav,horn,0,horn_2.zip,1.자동차_87909_1.wav,horn_2::1.자동차_87909_1,2.0,44100,1,PCM_32,
/content/sound_project/classes/horn/horn_2__0085__1.자동차_87947_1.wav,horn,0,horn_2.zip,1.자동차_87947_1.wav,horn_2::1.자동차_87947_1,2.0,44100,1,PCM_16,
/content/sound_project/classes/horn/horn_2__0086__1.자동차_88024_1.wav,horn,0,horn_2.zip,1.자동차_88024_1.wav,horn_2::1.자동차_88024_1,2.0,44100,1,PCM_32,
/content/sound_project/classes/horn/horn_2__0087__1.자동차_88055_1.wav,horn,0,horn_2.zip,1.자동차_88055_1.wav,horn_2::1.자동차_88055_1,2.0,44100,1,PCM_32,
/content/sound_project/classes/horn/horn_2__0088__1.자동차_88062_1.wav,horn,0,horn_2.zip,1.자동차_88062_1.wav,horn_2::1.자동차_88062_1,2.0,44100,1,PCM_32,
/content/sound_project/classes/horn/horn_2__0089__1.자동차_88118_1.wav,horn,0,horn_2.zip,1.자동차_88118_1.wav,horn_2::1.자동차_88118_1,2.0,44100,1,PCM_32,
/content/sound_project/classes/horn/horn_2__0090__1.자동차_88165_1.wav,horn,0,horn_2.zip,1.자동차_88165_1.wav,horn_2::1.자동차_88165_1,2.0,44100,1,PCM_32,
/content/sound_project/classes/horn/horn_2__0091__1.자동차_88184_1.wav,horn,0,horn_2.zip,1.자동차_88184_1.wav,horn_2::1.자동차_88184_1,2.0,44100,1,PCM_32,
/content/sound_project/classes/horn/horn_2__0092__1.자동차_88247_1.wav,horn,0,horn_2.zip,1.자동차_88247_1.wav,horn_2::1.자동차_88247_1,2.0,44100,1,PCM_16,
/content/sound_project/classes/horn/horn_2__0093__1.자동차_88272_1.wav,horn,0,horn_2.zip,1.자동차_88272_1.wav,horn_2::1.자동차_88272_1,2.0,44100,1,PCM_16,
/content/sound_project/classes/horn/horn_2__0094__1.자동차_88293_1.wav,horn,0,horn_2.zip,1.자동차_88293_1.wav,horn_2::1.자동차_88293_1,2.0,44100,1,PCM_16,
/content/sound_project/classes/horn/horn_2__0095__1.자동차_88309_1.wav,horn,0,horn_2.zip,1.자동차_88309_1.wav,horn_2::1.자동차_88309_1,2.0,44100,1,PCM_32,
/content/sound_project/classes/horn/horn_2__0096__1.자동차_88317_1.wav,horn,0,horn_2.zip,1.자동차_88317_1.wav,horn_2::1.자동차_88317_1,2.0,44100,1,PCM_16,
/content/sound_project/classes/horn/horn_2__0097__1.자동차_88369_1.wav,horn,0,horn_2.zip,1.자동차_88369_1.wav,horn_2::1.자동차_88369_1,2.0,44100,1,PCM_16,
/content/sound_project/classes/horn/horn_2__0098__1.자동차_88406_1.wav,horn,0,horn_2.zip,1.자동차_88406_1.wav,horn_2::1.자동차_88406_1,2.0,44100,1,PCM_32,
/content/sound_project/classes/noise/noise_1__0000__1.자동차_1023_1_part_001.wav,noise,1,noise_1.zip,1.자동차_1023_1_part_001.wav,noise_1::1.자동차_1023_1,2.0,44100,2,PCM_16,
/content/sound_project/classes/noise/noise_1__0001__1.자동차_1023_1_part_002.wav,noise,1,noise_1.zip,1.자동차_1023_1_part_002.wav,noise_1::1.자동차_1023_1,2.0,44100,2,PCM_16,
/content/sound_project/classes/noise/noise_1__0002__1.자동차_1023_1_part_003.wav,noise,1,noise_1.zip,1.자동차_1023_1_part_003.wav,noise_1::1.자동차_1023_1,2.0,44100,2,PCM_16,
/content/sound_project/classes/noise/noise_1__0003__1.자동차_1023_1_part_004.wav,noise,1,noise_1.zip,1.자동차_1023_1_part_004.wav,noise_1::1.자동차_1023_1,2.0,44100,2,PCM_16,
/content/sound_project/classes/noise/noise_1__0004__1.자동차_1023_1_part_005.wav,noise,1,noise_1.zip,1.자동차_1023_1_part_005.wav,noise_1::1.자동차_1023_1,2.0,44100,2,PCM_16,
/content/sound_project/classes/noise/noise_1__0005__1.자동차_1023_1_part_006.wav,noise,1,noise_1.zip,1.자동차_1023_1_part_006.wav,noise_1::1.자동차_1023_1,2.0,44100,2,PCM_16,
/content/sound_project/classes/noise/noise_1__0006__1.자동차_1023_1_part_007.wav,noise,1,noise_1.zip,1.자동차_1023_1_part_007.wav,noise_1::1.자동차_1023_1,2.0,44100,2,PCM_16,
/content/sound_project/classes/noise/noise_1__0007__1.자동차_1023_1_part_008.wav,noise,1,noise_1.zip,1.자동차_1023_1_part_008.wav,noise_1::1.자동차_1023_1,2.0,44100,2,PCM_16,
/content/sound_project/classes/noise/noise_1__0008__1.자동차_1023_1_part_009.wav,noise,1,noise_1.zip,1.자동차_1023_1_part_009.wav,noise_1::1.자동차_1023_1,2.0,44100,2,PCM_16,
/content/sound_project/classes/noise/noise_1__0009__1.자동차_1023_1_part_010.wav,noise,1,noise_1.zip,1.자동차_1023_1_part_010.wav,noise_1::1.자동차_1023_1,2.0,44100,2,PCM_16,
/content/sound_project/classes/noise/noise_1__0010__1.자동차_1023_1_part_011.wav,noise,1,noise_1.zip,1.자동차_1023_1_part_011.wav,noise_1::1.자동차_1023_1,2.0,44100,2,PCM_16,
/content/sound_project/classes/noise/noise_1__0011__1.자동차_1023_1_part_012.wav,noise,1,noise_1.zip,1.자동차_1023_1_part_012.wav,noise_1::1.자동차_1023_1,2.0,44100,2,PCM_16,
/content/sound_project/classes/noise/noise_1__0012__1.자동차_1023_1_part_013.wav,noise,1,noise_1.zip,1.자동차_1023_1_part_013.wav,noise_1::1.자동차_1023_1,2.0,44100,2,PCM_16,
/content/sound_project/classes/noise/noise_1__0013__1.자동차_1023_1_part_014.wav,noise,1,noise_1.zip,1.자동차_1023_1_part_014.wav,noise_1::1.자동차_1023_1,2.0,44100,2,PCM_16,
/content/sound_project/classes/noise/noise_1__0014__1.자동차_1023_1_part_015.wav,noise,1,noise_1.zip,1.자동차_1023_1_part_015.wav,noise_1::1.자동차_1023_1,2.0,44100,2,PCM_16,
/content/sound_project/classes/noise/noise_1__0015__1.자동차_1023_1_part_016.wav,noise,1,noise_1.zip,1.자동차_1023_1_part_016.wav,noise_1::1.자동차_1023_1,0.9229931972789116,44100,2,PCM_16,
/content/sound_project/classes/noise/noise_1__0016__1.자동차_1027_1_part_001.wav,noise,1,noise_1.zip,1.자동차_1027_1_part_001.wav,noise_1::1.자동차_1027_1,2.0,44100,1,PCM_16,
/content/sound_project/classes/noise/noise_1__0017__1.자동차_1027_1_part_002.wav,noise,1,noise_1.zip,1.자동차_1027_1_part_002.wav,noise_1::1.자동차_1027_1,2.0,44100,1,PCM_16,
/content/sound_project/classes/noise/noise_1__0018__1.자동차_1027_1_part_003.wav,noise,1,noise_1.zip,1.자동차_1027_1_part_003.wav,noise_1::1.자동차_1027_1,2.0,44100,1,PCM_16,
/content/sound_project/classes/noise/noise_1__0019__1.자동차_1027_1_part_004.wav,noise,1,noise_1.zip,1.자동차_1027_1_part_004.wav,noise_1::1.자동차_1027_1,2.0,44100,1,PCM_16,
/content/sound_project/classes/noise/noise_1__0020__1.자동차_1027_1_part_005.wav,noise,1,noise_1.zip,1.자동차_1027_1_part_005.wav,noise_1::1.자동차_1027_1,2.0,44100,1,PCM_16,
/content/sound_project/classes/noise/noise_1__0021__1.자동차_1027_1_part_006.wav,noise,1,noise_1.zip,1.자동차_1027_1_part_006.wav,noise_1::1.자동차_1027_1,2.0,44100,1,PCM_16,
/content/sound_project/classes/noise/noise_1__0022__1.자동차_1027_1_part_007.wav,noise,1,noise_1.zip,1.자동차_1027_1_part_007.wav,noise_1::1.자동차_1027_1,2.0,44100,1,PCM_16,
/content/sound_project/classes/noise/noise_1__0023__1.자동차_1027_1_part_008.wav,noise,1,noise_1.zip,1.자동차_1027_1_part_008.wav,noise_1::1.자동차_1027_1,2.0,44100,1,PCM_16,
/content/sound_project/classes/noise/noise_1__0024__1.자동차_1027_1_part_009.wav,noise,1,noise_1.zip,1.자동차_1027_1_part_009.wav,noise_1::1.자동차_1027_1,2.0,44100,1,PCM_16,
/content/sound_project/classes/noise/noise_1__0025__1.자동차_1027_1_part_010.wav,noise,1,noise_1.zip,1.자동차_1027_1_part_010.wav,noise_1::1.자동차_1027_1,2.0,44100,1,PCM_16,
/content/sound_project/classes/noise/noise_1__0026__1.자동차_1027_1_part_011.wav,noise,1,noise_1.zip,1.자동차_1027_1_part_011.wav,noise_1::1.자동차_1027_1,2.0,44100,1,PCM_16,
/content/sound_project/classes/noise/noise_1__0027__1.자동차_1027_1_part_012.wav,noise,1,noise_1.zip,1.자동차_1027_1_part_012.wav,noise_1::1.자동차_1027_1,1.990997732426304,44100,1,PCM_16,
/content/sound_project/classes/noise/noise_1__0028__1.자동차_1029_1_part_001.wav,noise,1,noise_1.zip,1.자동차_1029_1_part_001.wav,noise_1::1.자동차_1029_1,2.0,44100,2,PCM_16,
/content/sound_project/classes/noise/noise_1__0029__1.자동차_1029_1_part_002.wav,noise,1,noise_1.zip,1.자동차_1029_1_part_002.wav,noise_1::1.자동차_1029_1,2.0,44100,2,PCM_16,
/content/sound_project/classes/noise/noise_1__0030__1.자동차_1029_1_part_003.wav,noise,1,noise_1.zip,1.자동차_1029_1_part_003.wav,noise_1::1.자동차_1029_1,2.0,44100,2,PCM_16,
/content/sound_project/classes/noise/noise_1__0031__1.자동차_1029_1_part_004.wav,noise,1,noise_1.zip,1.자동차_1029_1_part_004.wav,noise_1::1.자동차_1029_1,2.0,44100,2,PCM_16,
/content/sound_project/classes/noise/noise_1__0032__1.자동차_1029_1_part_005.wav,noise,1,noise_1.zip,1.자동차_1029_1_part_005.wav,noise_1::1.자동차_1029_1,2.0,44100,2,PCM_16,
/content/sound_project/classes/noise/noise_1__0033__1.자동차_1029_1_part_006.wav,noise,1,noise_1.zip,1.자동차_1029_1_part_006.wav,noise_1::1.자동차_1029_1,2.0,44100,2,PCM_16,
/content/sound_project/classes/noise/noise_1__0034__1.자동차_1029_1_part_007.wav,noise,1,noise_1.zip,1.자동차_1029_1_part_007.wav,noise_1::1.자동차_1029_1,2.0,44100,2,PCM_16,
/content/sound_project/classes/noise/noise_1__0035__1.자동차_1029_1_part_008.wav,noise,1,noise_1.zip,1.자동차_1029_1_part_008.wav,noise_1::1.자동차_1029_1,2.0,44100,2,PCM_16,
/content/sound_project/classes/noise/noise_1__0036__1.자동차_1029_1_part_009.wav,noise,1,noise_1.zip,1.자동차_1029_1_part_009.wav,noise_1::1.자동차_1029_1,2.0,44100,2,PCM_16,
/content/sound_project/classes/noise/noise_1__0037__1.자동차_1029_1_part_010.wav,noise,1,noise_1.zip,1.자동차_1029_1_part_010.wav,noise_1::1.자동차_1029_1,2.0,44100,2,PCM_16,
/content/sound_project/classes/noise/noise_1__0038__1.자동차_1029_1_part_011.wav,noise,1,noise_1.zip,1.자동차_1029_1_part_011.wav,noise_1::1.자동차_1029_1,2.0,44100,2,PCM_16,
/content/sound_project/classes/noise/noise_1__0039__1.자동차_1029_1_part_012.wav,noise,1,noise_1.zip,1.자동차_1029_1_part_012.wav,noise_1::1.자동차_1029_1,2.0,44100,2,PCM_16,
/content/sound_project/classes/noise/noise_1__0040__1.자동차_1029_1_part_013.wav,noise,1,noise_1.zip,1.자동차_1029_1_part_013.wav,noise_1::1.자동차_1029_1,2.0,44100,2,PCM_16,
/content/sound_project/classes/noise/noise_1__0041__1.자동차_1029_1_part_014.wav,noise,1,noise_1.zip,1.자동차_1029_1_part_014.wav,noise_1::1.자동차_1029_1,2.0,44100,2,PCM_16,
/content/sound_project/classes/noise/noise_1__0042__1.자동차_1029_1_part_015.wav,noise,1,noise_1.zip,1.자동차_1029_1_part_015.wav,noise_1::1.자동차_1029_1,2.0,44100,2,PCM_16,
/content/sound_project/classes/noise/noise_1__0043__1.자동차_1029_1_part_016.wav,noise,1,noise_1.zip,1.자동차_1029_1_part_016.wav,noise_1::1.자동차_1029_1,2.0,44100,2,PCM_16,
/content/sound_project/classes/noise/noise_1__0044__1.자동차_1029_1_part_017.wav,noise,1,noise_1.zip,1.자동차_1029_1_part_017.wav,noise_1::1.자동차_1029_1,2.0,44100,2,PCM_16,
/content/sound_project/classes/noise/noise_1__0045__1.자동차_1029_1_part_018.wav,noise,1,noise_1.zip,1.자동차_1029_1_part_018.wav,noise_1::1.자동차_1029_1,2.0,44100,2,PCM_16,
/content/sound_project/classes/noise/noise_1__0046__1.자동차_1029_1_part_019.wav,noise,1,noise_1.zip,1.자동차_1029_1_part_019.wav,noise_1::1.자동차_1029_1,2.0,44100,2,PCM_16,
/content/sound_project/classes/noise/noise_1__0047__1.자동차_1029_1_part_020.wav,noise,1,noise_1.zip,1.자동차_1029_1_part_020.wav,noise_1::1.자동차_1029_1,2.0,44100,2,PCM_16,
/content/sound_project/classes/noise/noise_1__0048__1.자동차_1029_1_part_021.wav,noise,1,noise_1.zip,1.자동차_1029_1_part_021.wav,noise_1::1.자동차_1029_1,2.0,44100,2,PCM_16,
/content/sound_project/classes/noise/noise_1__0049__1.자동차_1029_1_part_022.wav,noise,1,noise_1.zip,1.자동차_1029_1_part_022.wav,noise_1::1.자동차_1029_1,2.0,44100,2,PCM_16,
/content/sound_project/classes/noise/noise_1__0050__1.자동차_1029_1_part_023.wav,noise,1,noise_1.zip,1.자동차_1029_1_part_023.wav,noise_1::1.자동차_1029_1,2.0,44100,2,PCM_16,
/content/sound_project/classes/noise/noise_1__0051__1.자동차_1029_1_part_024.wav,noise,1,noise_1.zip,1.자동차_1029_1_part_024.wav,noise_1::1.자동차_1029_1,2.0,44100,2,PCM_16,
/content/sound_project/classes/noise/noise_1__0052__1.자동차_1029_1_part_025.wav,noise,1,noise_1.zip,1.자동차_1029_1_part_025.wav,noise_1::1.자동차_1029_1,2.0,44100,2,PCM_16,
/content/sound_project/classes/noise/noise_1__0053__1.자동차_1029_1_part_026.wav,noise,1,noise_1.zip,1.자동차_1029_1_part_026.wav,noise_1::1.자동차_1029_1,2.0,44100,2,PCM_16,
/content/sound_project/classes/noise/noise_1__0054__1.자동차_1029_1_part_027.wav,noise,1,noise_1.zip,1.자동차_1029_1_part_027.wav,noise_1::1.자동차_1029_1,2.0,44100,2,PCM_16,
/content/sound_project/classes/noise/noise_1__0055__1.자동차_1029_1_part_028.wav,noise,1,noise_1.zip,1.자동차_1029_1_part_028.wav,noise_1::1.자동차_1029_1,2.0,44100,2,PCM_16,
/content/sound_project/classes/noise/noise_1__0056__1.자동차_1029_1_part_029.wav,noise,1,noise_1.zip,1.자동차_1029_1_part_029.wav,noise_1::1.자동차_1029_1,2.0,44100,2,PCM_16,
/content/sound_project/classes/noise/noise_1__0057__1.자동차_1029_1_part_030.wav,noise,1,noise_1.zip,1.자동차_1029_1_part_030.wav,noise_1::1.자동차_1029_1,0.4239909297052154,44100,2,PCM_16,
/content/sound_project/classes/noise/noise_1__0058__1.자동차_1035_1_part_001.wav,noise,1,noise_1.zip,1.자동차_1035_1_part_001.wav,noise_1::1.자동차_1035_1,2.0,44100,2,PCM_16,
/content/sound_project/classes/noise/noise_1__0059__1.자동차_1035_1_part_002.wav,noise,1,noise_1.zip,1.자동차_1035_1_part_002.wav,noise_1::1.자동차_1035_1,2.0,44100,2,PCM_16,
/content/sound_project/classes/noise/noise_1__0060__1.자동차_1035_1_part_003.wav,noise,1,noise_1.zip,1.자동차_1035_1_part_003.wav,noise_1::1.자동차_1035_1,2.0,44100,2,PCM_16,
/content/sound_project/classes/noise/noise_1__0061__1.자동차_1035_1_part_004.wav,noise,1,noise_1.zip,1.자동차_1035_1_part_004.wav,noise_1::1.자동차_1035_1,2.0,44100,2,PCM_16,
/content/sound_project/classes/noise/noise_1__0062__1.자동차_1035_1_part_005.wav,noise,1,noise_1.zip,1.자동차_1035_1_part_005.wav,noise_1::1.자동차_1035_1,2.0,44100,2,PCM_16,
/content/sound_project/classes/noise/noise_1__0063__1.자동차_1035_1_part_006.wav,noise,1,noise_1.zip,1.자동차_1035_1_part_006.wav,noise_1::1.자동차_1035_1,2.0,44100,2,PCM_16,
/content/sound_project/classes/noise/noise_1__0064__1.자동차_1035_1_part_007.wav,noise,1,noise_1.zip,1.자동차_1035_1_part_007.wav,noise_1::1.자동차_1035_1,2.0,44100,2,PCM_16,
/content/sound_project/classes/noise/noise_1__0065__1.자동차_1035_1_part_008.wav,noise,1,noise_1.zip,1.자동차_1035_1_part_008.wav,noise_1::1.자동차_1035_1,2.0,44100,2,PCM_16,
/content/sound_project/classes/noise/noise_1__0066__1.자동차_1035_1_part_009.wav,noise,1,noise_1.zip,1.자동차_1035_1_part_009.wav,noise_1::1.자동차_1035_1,2.0,44100,2,PCM_16,
/content/sound_project/classes/noise/noise_1__0067__1.자동차_1035_1_part_010.wav,noise,1,noise_1.zip,1.자동차_1035_1_part_010.wav,noise_1::1.자동차_1035_1,2.0,44100,2,PCM_16,
/content/sound_project/classes/noise/noise_1__0068__1.자동차_1035_1_part_011.wav,noise,1,noise_1.zip,1.자동차_1035_1_part_011.wav,noise_1::1.자동차_1035_1,2.0,44100,2,PCM_16,
/content/sound_project/classes/noise/noise_1__0069__1.자동차_1035_1_part_012.wav,noise,1,noise_1.zip,1.자동차_1035_1_part_012.wav,noise_1::1.자동차_1035_1,2.0,44100,2,PCM_16,
/content/sound_project/classes/noise/noise_1__0070__1.자동차_1035_1_part_013.wav,noise,1,noise_1.zip,1.자동차_1035_1_part_013.wav,noise_1::1.자동차_1035_1,2.0,44100,2,PCM_16,
/content/sound_project/classes/noise/noise_1__0071__1.자동차_1035_1_part_014.wav,noise,1,noise_1.zip,1.자동차_1035_1_part_014.wav,noise_1::1.자동차_1035_1,2.0,44100,2,PCM_16,
/content/sound_project/classes/noise/noise_1__0072__1.자동차_1035_1_part_015.wav,noise,1,noise_1.zip,1.자동차_1035_1_part_015.wav,noise_1::1.자동차_1035_1,2.0,44100,2,PCM_16,
/content/sound_project/classes/noise/noise_1__0073__1.자동차_1035_1_part_016.wav,noise,1,noise_1.zip,1.자동차_1035_1_part_016.wav,noise_1::1.자동차_1035_1,0.7,44100,2,PCM_16,
/content/sound_project/classes/noise/noise_1__0074__1.자동차_1043_1_part_001.wav,noise,1,noise_1.zip,1.자동차_1043_1_part_001.wav,noise_1::1.자동차_1043_1,2.0,44100,2,PCM_16,
/content/sound_project/classes/noise/noise_1__0075__1.자동차_1043_1_part_002.wav,noise,1,noise_1.zip,1.자동차_1043_1_part_002.wav,noise_1::1.자동차_1043_1,2.0,44100,2,PCM_16,
/content/sound_project/classes/noise/noise_1__0076__1.자동차_1043_1_part_003.wav,noise,1,noise_1.zip,1.자동차_1043_1_part_003.wav,noise_1::1.자동차_1043_1,2.0,44100,2,PCM_16,
/content/sound_project/classes/noise/noise_1__0077__1.자동차_1043_1_part_004.wav,noise,1,noise_1.zip,1.자동차_1043_1_part_004.wav,noise_1::1.자동차_1043_1,2.0,44100,2,PCM_16,
/content/sound_project/classes/noise/noise_1__0078__1.자동차_1043_1_part_005.wav,noise,1,noise_1.zip,1.자동차_1043_1_part_005.wav,noise_1::1.자동차_1043_1,2.0,44100,2,PCM_16,
/content/sound_project/classes/noise/noise_1__0079__1.자동차_1043_1_part_006.wav,noise,1,noise_1.zip,1.자동차_1043_1_part_006.wav,noise_1::1.자동차_1043_1,2.0,44100,2,PCM_16,
/content/sound_project/classes/noise/noise_1__0080__1.자동차_1043_1_part_007.wav,noise,1,noise_1.zip,1.자동차_1043_1_part_007.wav,noise_1::1.자동차_1043_1,2.0,44100,2,PCM_16,
/content/sound_project/classes/noise/noise_1__0081__1.자동차_1043_1_part_008.wav,noise,1,noise_1.zip,1.자동차_1043_1_part_008.wav,noise_1::1.자동차_1043_1,2.0,44100,2,PCM_16,
/content/sound_project/classes/noise/noise_1__0082__1.자동차_1043_1_part_009.wav,noise,1,noise_1.zip,1.자동차_1043_1_part_009.wav,noise_1::1.자동차_1043_1,2.0,44100,2,PCM_16,
/content/sound_project/classes/noise/noise_1__0083__1.자동차_1043_1_part_010.wav,noise,1,noise_1.zip,1.자동차_1043_1_part_010.wav,noise_1::1.자동차_1043_1,2.0,44100,2,PCM_16,
/content/sound_project/classes/noise/noise_1__0084__1.자동차_1043_1_part_011.wav,noise,1,noise_1.zip,1.자동차_1043_1_part_011.wav,noise_1::1.자동차_1043_1,2.0,44100,2,PCM_16,
/content/sound_project/classes/noise/noise_1__0085__1.자동차_1043_1_part_012.wav,noise,1,noise_1.zip,1.자동차_1043_1_part_012.wav,noise_1::1.자동차_1043_1,2.0,44100,2,PCM_16,
/content/sound_project/classes/noise/noise_1__0086__1.자동차_1043_1_part_013.wav,noise,1,noise_1.zip,1.자동차_1043_1_part_013.wav,noise_1::1.자동차_1043_1,2.0,44100,2,PCM_16,
/content/sound_project/classes/noise/noise_1__0087__1.자동차_1043_1_part_014.wav,noise,1,noise_1.zip,1.자동차_1043_1_part_014.wav,noise_1::1.자동차_1043_1,2.0,44100,2,PCM_16,
/content/sound_project/classes/noise/noise_1__0088__1.자동차_1043_1_part_015.wav,noise,1,noise_1.zip,1.자동차_1043_1_part_015.wav,noise_1::1.자동차_1043_1,2.0,44100,2,PCM_16,
/content/sound_project/classes/noise/noise_1__0089__1.자동차_1043_1_part_016.wav,noise,1,noise_1.zip,1.자동차_1043_1_part_016.wav,noise_1::1.자동차_1043_1,2.0,44100,2,PCM_16,
/content/sound_project/classes/noise/noise_1__0090__1.자동차_1043_1_part_017.wav,noise,1,noise_1.zip,1.자동차_1043_1_part_017.wav,noise_1::1.자동차_1043_1,0.042993197278911564,44100,2,PCM_16,
/content/sound_project/classes/noise/noise_1__0091__1.자동차_1051_1_part_001.wav,noise,1,noise_1.zip,1.자동차_1051_1_part_001.wav,noise_1::1.자동차_1051_1,2.0,44100,2,PCM_16,
/content/sound_project/classes/noise/noise_1__0092__1.자동차_1051_1_part_002.wav,noise,1,noise_1.zip,1.자동차_1051_1_part_002.wav,noise_1::1.자동차_1051_1,2.0,44100,2,PCM_16,
/content/sound_project/classes/noise/noise_1__0093__1.자동차_1051_1_part_003.wav,noise,1,noise_1.zip,1.자동차_1051_1_part_003.wav,noise_1::1.자동차_1051_1,2.0,44100,2,PCM_16,
/content/sound_project/classes/noise/noise_1__0094__1.자동차_1051_1_part_004.wav,noise,1,noise_1.zip,1.자동차_1051_1_part_004.wav,noise_1::1.자동차_1051_1,2.0,44100,2,PCM_16,
/content/sound_project/classes/noise/noise_1__0095__1.자동차_1051_1_part_005.wav,noise,1,noise_1.zip,1.자동차_1051_1_part_005.wav,noise_1::1.자동차_1051_1,2.0,44100,2,PCM_16,
/content/sound_project/classes/noise/noise_1__0096__1.자동차_1051_1_part_006.wav,noise,1,noise_1.zip,1.자동차_1051_1_part_006.wav,noise_1::1.자동차_1051_1,2.0,44100,2,PCM_16,
/content/sound_project/classes/noise/noise_1__0097__1.자동차_1051_1_part_007.wav,noise,1,noise_1.zip,1.자동차_1051_1_part_007.wav,noise_1::1.자동차_1051_1,2.0,44100,2,PCM_16,
/content/sound_project/classes/noise/noise_1__0098__1.자동차_1051_1_part_008.wav,noise,1,noise_1.zip,1.자동차_1051_1_part_008.wav,noise_1::1.자동차_1051_1,2.0,44100,2,PCM_16,
/content/sound_project/classes/noise/noise_1__0099__1.자동차_1051_1_part_009.wav,noise,1,noise_1.zip,1.자동차_1051_1_part_009.wav,noise_1::1.자동차_1051_1,2.0,44100,2,PCM_16,
/content/sound_project/classes/noise/noise_1__0100__1.자동차_1051_1_part_010.wav,noise,1,noise_1.zip,1.자동차_1051_1_part_010.wav,noise_1::1.자동차_1051_1,2.0,44100,2,PCM_16,
/content/sound_project/classes/noise/noise_1__0101__1.자동차_1051_1_part_011.wav,noise,1,noise_1.zip,1.자동차_1051_1_part_011.wav,noise_1::1.자동차_1051_1,2.0,44100,2,PCM_16,
/content/sound_project/classes/noise/noise_1__0102__1.자동차_1051_1_part_012.wav,noise,1,noise_1.zip,1.자동차_1051_1_part_012.wav,noise_1::1.자동차_1051_1,2.0,44100,2,PCM_16,
/content/sound_project/classes/noise/noise_1__0103__1.자동차_1051_1_part_013.wav,noise,1,noise_1.zip,1.자동차_1051_1_part_013.wav,noise_1::1.자동차_1051_1,2.0,44100,2,PCM_16,
/content/sound_project/classes/noise/noise_1__0104__1.자동차_1051_1_part_014.wav,noise,1,noise_1.zip,1.자동차_1051_1_part_014.wav,noise_1::1.자동차_1051_1,2.0,44100,2,PCM_16,
/content/sound_project/classes/noise/noise_1__0105__1.자동차_1051_1_part_015.wav,noise,1,noise_1.zip,1.자동차_1051_1_part_015.wav,noise_1::1.자동차_1051_1,2.0,44100,2,PCM_16,
/content/sound_project/classes/noise/noise_1__0106__1.자동차_1051_1_part_016.wav,noise,1,noise_1.zip,1.자동차_1051_1_part_016.wav,noise_1::1.자동차_1051_1,2.0,44100,2,PCM_16,
/content/sound_project/classes/noise/noise_1__0107__1.자동차_1051_1_part_017.wav,noise,1,noise_1.zip,1.자동차_1051_1_part_017.wav,noise_1::1.자동차_1051_1,2.0,44100,2,PCM_16,
/content/sound_project/classes/noise/noise_1__0108__1.자동차_1051_1_part_018.wav,noise,1,noise_1.zip,1.자동차_1051_1_part_018.wav,noise_1::1.자동차_1051_1,2.0,44100,2,PCM_16,
/content/sound_project/classes/noise/noise_1__0109__1.자동차_1051_1_part_019.wav,noise,1,noise_1.zip,1.자동차_1051_1_part_019.wav,noise_1::1.자동차_1051_1,2.0,44100,2,PCM_16,
/content/sound_project/classes/noise/noise_1__0110__1.자동차_1051_1_part_020.wav,noise,1,noise_1.zip,1.자동차_1051_1_part_020.wav,noise_1::1.자동차_1051_1,2.0,44100,2,PCM_16,
/content/sound_project/classes/noise/noise_1__0111__1.자동차_1051_1_part_021.wav,noise,1,noise_1.zip,1.자동차_1051_1_part_021.wav,noise_1::1.자동차_1051_1,2.0,44100,2,PCM_16,
/content/sound_project/classes/noise/noise_1__0112__1.자동차_1051_1_part_022.wav,noise,1,noise_1.zip,1.자동차_1051_1_part_022.wav,noise_1::1.자동차_1051_1,2.0,44100,2,PCM_16,
/content/sound_project/classes/noise/noise_1__0113__1.자동차_1051_1_part_023.wav,noise,1,noise_1.zip,1.자동차_1051_1_part_023.wav,noise_1::1.자동차_1051_1,2.0,44100,2,PCM_16,
/content/sound_project/classes/noise/noise_1__0114__1.자동차_1051_1_part_024.wav,noise,1,noise_1.zip,1.자동차_1051_1_part_024.wav,noise_1::1.자동차_1051_1,2.0,44100,2,PCM_16,
/content/sound_project/classes/noise/noise_1__0115__1.자동차_1051_1_part_025.wav,noise,1,noise_1.zip,1.자동차_1051_1_part_025.wav,noise_1::1.자동차_1051_1,2.0,44100,2,PCM_16,
/content/sound_project/classes/noise/noise_1__0116__1.자동차_1051_1_part_026.wav,noise,1,noise_1.zip,1.자동차_1051_1_part_026.wav,noise_1::1.자동차_1051_1,2.0,44100,2,PCM_16,
/content/sound_project/classes/noise/noise_1__0117__1.자동차_1051_1_part_027.wav,noise,1,noise_1.zip,1.자동차_1051_1_part_027.wav,noise_1::1.자동차_1051_1,2.0,44100,2,PCM_16,
/content/sound_project/classes/noise/noise_1__0118__1.자동차_1051_1_part_028.wav,noise,1,noise_1.zip,1.자동차_1051_1_part_028.wav,noise_1::1.자동차_1051_1,2.0,44100,2,PCM_16,
/content/sound_project/classes/noise/noise_1__0119__1.자동차_1051_1_part_029.wav,noise,1,noise_1.zip,1.자동차_1051_1_part_029.wav,noise_1::1.자동차_1051_1,1.1,44100,2,PCM_16,
/content/sound_project/classes/noise/noise_1__0120__1.자동차_1057_1_part_001.wav,noise,1,noise_1.zip,1.자동차_1057_1_part_001.wav,noise_1::1.자동차_1057_1,2.0,44100,1,PCM_16,
/content/sound_project/classes/noise/noise_1__0121__1.자동차_1057_1_part_002.wav,noise,1,noise_1.zip,1.자동차_1057_1_part_002.wav,noise_1::1.자동차_1057_1,2.0,44100,1,PCM_16,
/content/sound_project/classes/noise/noise_1__0122__1.자동차_1057_1_part_003.wav,noise,1,noise_1.zip,1.자동차_1057_1_part_003.wav,noise_1::1.자동차_1057_1,2.0,44100,1,PCM_16,
/content/sound_project/classes/noise/noise_1__0123__1.자동차_1057_1_part_004.wav,noise,1,noise_1.zip,1.자동차_1057_1_part_004.wav,noise_1::1.자동차_1057_1,2.0,44100,1,PCM_16,
/content/sound_project/classes/noise/noise_1__0124__1.자동차_1057_1_part_005.wav,noise,1,noise_1.zip,1.자동차_1057_1_part_005.wav,noise_1::1.자동차_1057_1,2.0,44100,1,PCM_16,
/content/sound_project/classes/noise/noise_1__0125__1.자동차_1057_1_part_006.wav,noise,1,noise_1.zip,1.자동차_1057_1_part_006.wav,noise_1::1.자동차_1057_1,2.0,44100,1,PCM_16,
/content/sound_project/classes/noise/noise_1__0126__1.자동차_1057_1_part_007.wav,noise,1,noise_1.zip,1.자동차_1057_1_part_007.wav,noise_1::1.자동차_1057_1,2.0,44100,1,PCM_16,
/content/sound_project/classes/noise/noise_1__0127__1.자동차_1057_1_part_008.wav,noise,1,noise_1.zip,1.자동차_1057_1_part_008.wav,noise_1::1.자동차_1057_1,2.0,44100,1,PCM_16,
/content/sound_project/classes/noise/noise_1__0128__1.자동차_1057_1_part_009.wav,noise,1,noise_1.zip,1.자동차_1057_1_part_009.wav,noise_1::1.자동차_1057_1,2.0,44100,1,PCM_16,
/content/sound_project/classes/noise/noise_1__0129__1.자동차_1057_1_part_010.wav,noise,1,noise_1.zip,1.자동차_1057_1_part_010.wav,noise_1::1.자동차_1057_1,2.0,44100,1,PCM_16,
/content/sound_project/classes/noise/noise_1__0130__1.자동차_1057_1_part_011.wav,noise,1,noise_1.zip,1.자동차_1057_1_part_011.wav,noise_1::1.자동차_1057_1,2.0,44100,1,PCM_16,
/content/sound_project/classes/noise/noise_1__0131__1.자동차_1057_1_part_012.wav,noise,1,noise_1.zip,1.자동차_1057_1_part_012.wav,noise_1::1.자동차_1057_1,2.0,44100,1,PCM_16,
/content/sound_project/classes/noise/noise_1__0132__1.자동차_1057_1_part_013.wav,noise,1,noise_1.zip,1.자동차_1057_1_part_013.wav,noise_1::1.자동차_1057_1,2.0,44100,1,PCM_16,
/content/sound_project/classes/noise/noise_1__0133__1.자동차_1057_1_part_014.wav,noise,1,noise_1.zip,1.자동차_1057_1_part_014.wav,noise_1::1.자동차_1057_1,2.0,44100,1,PCM_16,
/content/sound_project/classes/noise/noise_1__0134__1.자동차_1057_1_part_015.wav,noise,1,noise_1.zip,1.자동차_1057_1_part_015.wav,noise_1::1.자동차_1057_1,2.0,44100,1,PCM_16,
/content/sound_project/classes/noise/noise_1__0135__1.자동차_1057_1_part_016.wav,noise,1,noise_1.zip,1.자동차_1057_1_part_016.wav,noise_1::1.자동차_1057_1,0.74,44100,1,PCM_16,
/content/sound_project/classes/noise/noise_1__0136__1.자동차_1081_1_part_001.wav,noise,1,noise_1.zip,1.자동차_1081_1_part_001.wav,noise_1::1.자동차_1081_1,2.0,44100,2,PCM_16,
/content/sound_project/classes/noise/noise_1__0137__1.자동차_1081_1_part_002.wav,noise,1,noise_1.zip,1.자동차_1081_1_part_002.wav,noise_1::1.자동차_1081_1,2.0,44100,2,PCM_16,
/content/sound_project/classes/noise/noise_1__0138__1.자동차_1081_1_part_003.wav,noise,1,noise_1.zip,1.자동차_1081_1_part_003.wav,noise_1::1.자동차_1081_1,2.0,44100,2,PCM_16,
/content/sound_project/classes/noise/noise_1__0139__1.자동차_1081_1_part_004.wav,noise,1,noise_1.zip,1.자동차_1081_1_part_004.wav,noise_1::1.자동차_1081_1,2.0,44100,2,PCM_16,
/content/sound_project/classes/noise/noise_1__0140__1.자동차_1081_1_part_005.wav,noise,1,noise_1.zip,1.자동차_1081_1_part_005.wav,noise_1::1.자동차_1081_1,2.0,44100,2,PCM_16,
/content/sound_project/classes/noise/noise_1__0141__1.자동차_1081_1_part_006.wav,noise,1,noise_1.zip,1.자동차_1081_1_part_006.wav,noise_1::1.자동차_1081_1,2.0,44100,2,PCM_16,
/content/sound_project/classes/noise/noise_2__0000__1.자동차_1081_1_part_007.wav,noise,1,noise_2.zip,1.자동차_1081_1_part_007.wav,noise_2::1.자동차_1081_1,2.0,44100,2,PCM_16,
/content/sound_project/classes/noise/noise_2__0001__1.자동차_1081_1_part_008.wav,noise,1,noise_2.zip,1.자동차_1081_1_part_008.wav,noise_2::1.자동차_1081_1,2.0,44100,2,PCM_16,
/content/sound_project/classes/noise/noise_2__0002__1.자동차_1081_1_part_009.wav,noise,1,noise_2.zip,1.자동차_1081_1_part_009.wav,noise_2::1.자동차_1081_1,2.0,44100,2,PCM_16,
/content/sound_project/classes/noise/noise_2__0003__1.자동차_1081_1_part_010.wav,noise,1,noise_2.zip,1.자동차_1081_1_part_010.wav,noise_2::1.자동차_1081_1,2.0,44100,2,PCM_16,
/content/sound_project/classes/noise/noise_2__0004__1.자동차_1081_1_part_011.wav,noise,1,noise_2.zip,1.자동차_1081_1_part_011.wav,noise_2::1.자동차_1081_1,2.0,44100,2,PCM_16,
/content/sound_project/classes/noise/noise_2__0005__1.자동차_1081_1_part_012.wav,noise,1,noise_2.zip,1.자동차_1081_1_part_012.wav,noise_2::1.자동차_1081_1,2.0,44100,2,PCM_16,
/content/sound_project/classes/noise/noise_2__0006__1.자동차_1081_1_part_013.wav,noise,1,noise_2.zip,1.자동차_1081_1_part_013.wav,noise_2::1.자동차_1081_1,2.0,44100,2,PCM_16,
/content/sound_project/classes/noise/noise_2__0007__1.자동차_1081_1_part_014.wav,noise,1,noise_2.zip,1.자동차_1081_1_part_014.wav,noise_2::1.자동차_1081_1,1.5389795918367346,44100,2,PCM_16,
/content/sound_project/classes/noise/noise_2__0008__1.자동차_1089_1_part_001.wav,noise,1,noise_2.zip,1.자동차_1089_1_part_001.wav,noise_2::1.자동차_1089_1,2.0,44100,2,PCM_16,
/content/sound_project/classes/noise/noise_2__0009__1.자동차_1089_1_part_002.wav,noise,1,noise_2.zip,1.자동차_1089_1_part_002.wav,noise_2::1.자동차_1089_1,2.0,44100,2,PCM_16,
/content/sound_project/classes/noise/noise_2__0010__1.자동차_1089_1_part_003.wav,noise,1,noise_2.zip,1.자동차_1089_1_part_003.wav,noise_2::1.자동차_1089_1,2.0,44100,2,PCM_16,
/content/sound_project/classes/noise/noise_2__0011__1.자동차_1089_1_part_004.wav,noise,1,noise_2.zip,1.자동차_1089_1_part_004.wav,noise_2::1.자동차_1089_1,2.0,44100,2,PCM_16,
/content/sound_project/classes/noise/noise_2__0012__1.자동차_1089_1_part_005.wav,noise,1,noise_2.zip,1.자동차_1089_1_part_005.wav,noise_2::1.자동차_1089_1,2.0,44100,2,PCM_16,
/content/sound_project/classes/noise/noise_2__0013__1.자동차_1089_1_part_006.wav,noise,1,noise_2.zip,1.자동차_1089_1_part_006.wav,noise_2::1.자동차_1089_1,2.0,44100,2,PCM_16,
/content/sound_project/classes/noise/noise_2__0014__1.자동차_1089_1_part_007.wav,noise,1,noise_2.zip,1.자동차_1089_1_part_007.wav,noise_2::1.자동차_1089_1,2.0,44100,2,PCM_16,
/content/sound_project/classes/noise/noise_2__0015__1.자동차_1089_1_part_008.wav,noise,1,noise_2.zip,1.자동차_1089_1_part_008.wav,noise_2::1.자동차_1089_1,1.415986394557823,44100,2,PCM_16,
/content/sound_project/classes/noise/noise_2__0016__1.자동차_1099_1_part_001.wav,noise,1,noise_2.zip,1.자동차_1099_1_part_001.wav,noise_2::1.자동차_1099_1,2.0,44100,2,PCM_16,
/content/sound_project/classes/noise/noise_2__0017__1.자동차_1099_1_part_002.wav,noise,1,noise_2.zip,1.자동차_1099_1_part_002.wav,noise_2::1.자동차_1099_1,2.0,44100,2,PCM_16,
/content/sound_project/classes/noise/noise_2__0018__1.자동차_1099_1_part_003.wav,noise,1,noise_2.zip,1.자동차_1099_1_part_003.wav,noise_2::1.자동차_1099_1,2.0,44100,2,PCM_16,
/content/sound_project/classes/noise/noise_2__0019__1.자동차_1099_1_part_004.wav,noise,1,noise_2.zip,1.자동차_1099_1_part_004.wav,noise_2::1.자동차_1099_1,2.0,44100,2,PCM_16,
/content/sound_project/classes/noise/noise_2__0020__1.자동차_1099_1_part_005.wav,noise,1,noise_2.zip,1.자동차_1099_1_part_005.wav,noise_2::1.자동차_1099_1,2.0,44100,2,PCM_16,
/content/sound_project/classes/noise/noise_2__0021__1.자동차_1099_1_part_006.wav,noise,1,noise_2.zip,1.자동차_1099_1_part_006.wav,noise_2::1.자동차_1099_1,2.0,44100,2,PCM_16,
/content/sound_project/classes/noise/noise_2__0022__1.자동차_1099_1_part_007.wav,noise,1,noise_2.zip,1.자동차_1099_1_part_007.wav,noise_2::1.자동차_1099_1,2.0,44100,2,PCM_16,
/content/sound_project/classes/noise/noise_2__0023__1.자동차_1099_1_part_008.wav,noise,1,noise_2.zip,1.자동차_1099_1_part_008.wav,noise_2::1.자동차_1099_1,2.0,44100,2,PCM_16,
/content/sound_project/classes/noise/noise_2__0024__1.자동차_1099_1_part_009.wav,noise,1,noise_2.zip,1.자동차_1099_1_part_009.wav,noise_2::1.자동차_1099_1,0.2389795918367347,44100,2,PCM_16,
/content/sound_project/classes/noise/noise_2__0025__1.자동차_1102_1_part_001.wav,noise,1,noise_2.zip,1.자동차_1102_1_part_001.wav,noise_2::1.자동차_1102_1,2.0,44100,2,PCM_16,
/content/sound_project/classes/noise/noise_2__0026__1.자동차_1102_1_part_002.wav,noise,1,noise_2.zip,1.자동차_1102_1_part_002.wav,noise_2::1.자동차_1102_1,2.0,44100,2,PCM_16,
/content/sound_project/classes/noise/noise_2__0027__1.자동차_1102_1_part_003.wav,noise,1,noise_2.zip,1.자동차_1102_1_part_003.wav,noise_2::1.자동차_1102_1,2.0,44100,2,PCM_16,
/content/sound_project/classes/noise/noise_2__0028__1.자동차_1102_1_part_004.wav,noise,1,noise_2.zip,1.자동차_1102_1_part_004.wav,noise_2::1.자동차_1102_1,2.0,44100,2,PCM_16,
/content/sound_project/classes/noise/noise_2__0029__1.자동차_1102_1_part_005.wav,noise,1,noise_2.zip,1.자동차_1102_1_part_005.wav,noise_2::1.자동차_1102_1,2.0,44100,2,PCM_16,
/content/sound_project/classes/noise/noise_2__0030__1.자동차_1102_1_part_006.wav,noise,1,noise_2.zip,1.자동차_1102_1_part_006.wav,noise_2::1.자동차_1102_1,2.0,44100,2,PCM_16,
/content/sound_project/classes/noise/noise_2__0031__1.자동차_1102_1_part_007.wav,noise,1,noise_2.zip,1.자동차_1102_1_part_007.wav,noise_2::1.자동차_1102_1,2.0,44100,2,PCM_16,
/content/sound_project/classes/noise/noise_2__0032__1.자동차_1102_1_part_008.wav,noise,1,noise_2.zip,1.자동차_1102_1_part_008.wav,noise_2::1.자동차_1102_1,2.0,44100,2,PCM_16,
/content/sound_project/classes/noise/noise_2__0033__1.자동차_1102_1_part_009.wav,noise,1,noise_2.zip,1.자동차_1102_1_part_009.wav,noise_2::1.자동차_1102_1,2.0,44100,2,PCM_16,
/content/sound_project/classes/noise/noise_2__0034__1.자동차_1102_1_part_010.wav,noise,1,noise_2.zip,1.자동차_1102_1_part_010.wav,noise_2::1.자동차_1102_1,2.0,44100,2,PCM_16,
/content/sound_project/classes/noise/noise_2__0035__1.자동차_1102_1_part_011.wav,noise,1,noise_2.zip,1.자동차_1102_1_part_011.wav,noise_2::1.자동차_1102_1,2.0,44100,2,PCM_16,
/content/sound_project/classes/noise/noise_2__0036__1.자동차_1102_1_part_012.wav,noise,1,noise_2.zip,1.자동차_1102_1_part_012.wav,noise_2::1.자동차_1102_1,2.0,44100,2,PCM_16,
/content/sound_project/classes/noise/noise_2__0037__1.자동차_1102_1_part_013.wav,noise,1,noise_2.zip,1.자동차_1102_1_part_013.wav,noise_2::1.자동차_1102_1,2.0,44100,2,PCM_16,
/content/sound_project/classes/noise/noise_2__0038__1.자동차_1102_1_part_014.wav,noise,1,noise_2.zip,1.자동차_1102_1_part_014.wav,noise_2::1.자동차_1102_1,2.0,44100,2,PCM_16,
/content/sound_project/classes/noise/noise_2__0039__1.자동차_1102_1_part_015.wav,noise,1,noise_2.zip,1.자동차_1102_1_part_015.wav,noise_2::1.자동차_1102_1,2.0,44100,2,PCM_16,
/content/sound_project/classes/noise/noise_2__0040__1.자동차_1102_1_part_016.wav,noise,1,noise_2.zip,1.자동차_1102_1_part_016.wav,noise_2::1.자동차_1102_1,2.0,44100,2,PCM_16,
/content/sound_project/classes/noise/noise_2__0041__1.자동차_1102_1_part_017.wav,noise,1,noise_2.zip,1.자동차_1102_1_part_017.wav,noise_2::1.자동차_1102_1,2.0,44100,2,PCM_16,
/content/sound_project/classes/noise/noise_2__0042__1.자동차_1102_1_part_018.wav,noise,1,noise_2.zip,1.자동차_1102_1_part_018.wav,noise_2::1.자동차_1102_1,2.0,44100,2,PCM_16,
/content/sound_project/classes/noise/noise_2__0043__1.자동차_1102_1_part_019.wav,noise,1,noise_2.zip,1.자동차_1102_1_part_019.wav,noise_2::1.자동차_1102_1,2.0,44100,2,PCM_16,
/content/sound_project/classes/noise/noise_2__0044__1.자동차_1102_1_part_020.wav,noise,1,noise_2.zip,1.자동차_1102_1_part_020.wav,noise_2::1.자동차_1102_1,2.0,44100,2,PCM_16,
/content/sound_project/classes/noise/noise_2__0045__1.자동차_1102_1_part_021.wav,noise,1,noise_2.zip,1.자동차_1102_1_part_021.wav,noise_2::1.자동차_1102_1,2.0,44100,2,PCM_16,
/content/sound_project/classes/noise/noise_2__0046__1.자동차_1102_1_part_022.wav,noise,1,noise_2.zip,1.자동차_1102_1_part_022.wav,noise_2::1.자동차_1102_1,2.0,44100,2,PCM_16,
/content/sound_project/classes/noise/noise_2__0047__1.자동차_1102_1_part_023.wav,noise,1,noise_2.zip,1.자동차_1102_1_part_023.wav,noise_2::1.자동차_1102_1,2.0,44100,2,PCM_16,
/content/sound_project/classes/noise/noise_2__0048__1.자동차_1102_1_part_024.wav,noise,1,noise_2.zip,1.자동차_1102_1_part_024.wav,noise_2::1.자동차_1102_1,1.5,44100,2,PCM_16,
/content/sound_project/classes/noise/noise_2__0049__1.자동차_1107_1_part_001.wav,noise,1,noise_2.zip,1.자동차_1107_1_part_001.wav,noise_2::1.자동차_1107_1,2.0,44100,1,PCM_16,
/content/sound_project/classes/noise/noise_2__0050__1.자동차_1107_1_part_002.wav,noise,1,noise_2.zip,1.자동차_1107_1_part_002.wav,noise_2::1.자동차_1107_1,2.0,44100,1,PCM_16,
/content/sound_project/classes/noise/noise_2__0051__1.자동차_1107_1_part_003.wav,noise,1,noise_2.zip,1.자동차_1107_1_part_003.wav,noise_2::1.자동차_1107_1,2.0,44100,1,PCM_16,
/content/sound_project/classes/noise/noise_2__0052__1.자동차_1107_1_part_004.wav,noise,1,noise_2.zip,1.자동차_1107_1_part_004.wav,noise_2::1.자동차_1107_1,2.0,44100,1,PCM_16,
/content/sound_project/classes/noise/noise_2__0053__1.자동차_1107_1_part_005.wav,noise,1,noise_2.zip,1.자동차_1107_1_part_005.wav,noise_2::1.자동차_1107_1,2.0,44100,1,PCM_16,
/content/sound_project/classes/noise/noise_2__0054__1.자동차_1107_1_part_006.wav,noise,1,noise_2.zip,1.자동차_1107_1_part_006.wav,noise_2::1.자동차_1107_1,2.0,44100,1,PCM_16,
/content/sound_project/classes/noise/noise_2__0055__1.자동차_1107_1_part_007.wav,noise,1,noise_2.zip,1.자동차_1107_1_part_007.wav,noise_2::1.자동차_1107_1,2.0,44100,1,PCM_16,
/content/sound_project/classes/noise/noise_2__0056__1.자동차_1107_1_part_008.wav,noise,1,noise_2.zip,1.자동차_1107_1_part_008.wav,noise_2::1.자동차_1107_1,2.0,44100,1,PCM_16,
/content/sound_project/classes/noise/noise_2__0057__1.자동차_1107_1_part_009.wav,noise,1,noise_2.zip,1.자동차_1107_1_part_009.wav,noise_2::1.자동차_1107_1,2.0,44100,1,PCM_16,
/content/sound_project/classes/noise/noise_2__0058__1.자동차_1107_1_part_010.wav,noise,1,noise_2.zip,1.자동차_1107_1_part_010.wav,noise_2::1.자동차_1107_1,2.0,44100,1,PCM_16,
/content/sound_project/classes/noise/noise_2__0059__1.자동차_1107_1_part_011.wav,noise,1,noise_2.zip,1.자동차_1107_1_part_011.wav,noise_2::1.자동차_1107_1,2.0,44100,1,PCM_16,
/content/sound_project/classes/noise/noise_2__0060__1.자동차_1107_1_part_012.wav,noise,1,noise_2.zip,1.자동차_1107_1_part_012.wav,noise_2::1.자동차_1107_1,2.0,44100,1,PCM_16,
/content/sound_project/classes/noise/noise_2__0061__1.자동차_1107_1_part_013.wav,noise,1,noise_2.zip,1.자동차_1107_1_part_013.wav,noise_2::1.자동차_1107_1,2.0,44100,1,PCM_16,
/content/sound_project/classes/noise/noise_2__0062__1.자동차_1107_1_part_014.wav,noise,1,noise_2.zip,1.자동차_1107_1_part_014.wav,noise_2::1.자동차_1107_1,2.0,44100,1,PCM_16,
/content/sound_project/classes/noise/noise_2__0063__1.자동차_1107_1_part_015.wav,noise,1,noise_2.zip,1.자동차_1107_1_part_015.wav,noise_2::1.자동차_1107_1,2.0,44100,1,PCM_16,
/content/sound_project/classes/noise/noise_2__0064__1.자동차_1107_1_part_016.wav,noise,1,noise_2.zip,1.자동차_1107_1_part_016.wav,noise_2::1.자동차_1107_1,2.0,44100,1,PCM_16,
/content/sound_project/classes/noise/noise_2__0065__1.자동차_1107_1_part_017.wav,noise,1,noise_2.zip,1.자동차_1107_1_part_017.wav,noise_2::1.자동차_1107_1,2.0,44100,1,PCM_16,
/content/sound_project/classes/noise/noise_2__0066__1.자동차_1107_1_part_018.wav,noise,1,noise_2.zip,1.자동차_1107_1_part_018.wav,noise_2::1.자동차_1107_1,2.0,44100,1,PCM_16,
/content/sound_project/classes/noise/noise_2__0067__1.자동차_1107_1_part_019.wav,noise,1,noise_2.zip,1.자동차_1107_1_part_019.wav,noise_2::1.자동차_1107_1,2.0,44100,1,PCM_16,
/content/sound_project/classes/noise/noise_2__0068__1.자동차_1107_1_part_020.wav,noise,1,noise_2.zip,1.자동차_1107_1_part_020.wav,noise_2::1.자동차_1107_1,2.0,44100,1,PCM_16,
/content/sound_project/classes/noise/noise_2__0069__1.자동차_1107_1_part_021.wav,noise,1,noise_2.zip,1.자동차_1107_1_part_021.wav,noise_2::1.자동차_1107_1,0.08,44100,1,PCM_16,
/content/sound_project/classes/noise/noise_2__0070__1.자동차_1145_1_part_001.wav,noise,1,noise_2.zip,1.자동차_1145_1_part_001.wav,noise_2::1.자동차_1145_1,2.0,44100,1,PCM_16,
/content/sound_project/classes/noise/noise_2__0071__1.자동차_1145_1_part_002.wav,noise,1,noise_2.zip,1.자동차_1145_1_part_002.wav,noise_2::1.자동차_1145_1,2.0,44100,1,PCM_16,
/content/sound_project/classes/noise/noise_2__0072__1.자동차_1145_1_part_003.wav,noise,1,noise_2.zip,1.자동차_1145_1_part_003.wav,noise_2::1.자동차_1145_1,2.0,44100,1,PCM_16,
/content/sound_project/classes/noise/noise_2__0073__1.자동차_1145_1_part_004.wav,noise,1,noise_2.zip,1.자동차_1145_1_part_004.wav,noise_2::1.자동차_1145_1,2.0,44100,1,PCM_16,
/content/sound_project/classes/noise/noise_2__0074__1.자동차_1145_1_part_005.wav,noise,1,noise_2.zip,1.자동차_1145_1_part_005.wav,noise_2::1.자동차_1145_1,2.0,44100,1,PCM_16,
/content/sound_project/classes/noise/noise_2__0075__1.자동차_1145_1_part_006.wav,noise,1,noise_2.zip,1.자동차_1145_1_part_006.wav,noise_2::1.자동차_1145_1,2.0,44100,1,PCM_16,
/content/sound_project/classes/noise/noise_2__0076__1.자동차_1145_1_part_007.wav,noise,1,noise_2.zip,1.자동차_1145_1_part_007.wav,noise_2::1.자동차_1145_1,2.0,44100,1,PCM_16,
/content/sound_project/classes/noise/noise_2__0077__1.자동차_1145_1_part_008.wav,noise,1,noise_2.zip,1.자동차_1145_1_part_008.wav,noise_2::1.자동차_1145_1,2.0,44100,1,PCM_16,
/content/sound_project/classes/noise/noise_2__0078__1.자동차_1145_1_part_009.wav,noise,1,noise_2.zip,1.자동차_1145_1_part_009.wav,noise_2::1.자동차_1145_1,2.0,44100,1,PCM_16,
/content/sound_project/classes/noise/noise_2__0079__1.자동차_1145_1_part_010.wav,noise,1,noise_2.zip,1.자동차_1145_1_part_010.wav,noise_2::1.자동차_1145_1,2.0,44100,1,PCM_16,
/content/sound_project/classes/noise/noise_2__0080__1.자동차_1145_1_part_011.wav,noise,1,noise_2.zip,1.자동차_1145_1_part_011.wav,noise_2::1.자동차_1145_1,2.0,44100,1,PCM_16,
/content/sound_project/classes/noise/noise_2__0081__1.자동차_1145_1_part_012.wav,noise,1,noise_2.zip,1.자동차_1145_1_part_012.wav,noise_2::1.자동차_1145_1,2.0,44100,1,PCM_16,
/content/sound_project/classes/noise/noise_2__0082__1.자동차_1145_1_part_013.wav,noise,1,noise_2.zip,1.자동차_1145_1_part_013.wav,noise_2::1.자동차_1145_1,2.0,44100,1,PCM_16,
/content/sound_project/classes/noise/noise_2__0083__1.자동차_1145_1_part_014.wav,noise,1,noise_2.zip,1.자동차_1145_1_part_014.wav,noise_2::1.자동차_1145_1,2.0,44100,1,PCM_16,
/content/sound_project/classes/noise/noise_2__0084__1.자동차_1145_1_part_015.wav,noise,1,noise_2.zip,1.자동차_1145_1_part_015.wav,noise_2::1.자동차_1145_1,2.0,44100,1,PCM_16,
/content/sound_project/classes/noise/noise_2__0085__1.자동차_1145_1_part_016.wav,noise,1,noise_2.zip,1.자동차_1145_1_part_016.wav,noise_2::1.자동차_1145_1,2.0,44100,1,PCM_16,
/content/sound_project/classes/noise/noise_2__0086__1.자동차_1145_1_part_017.wav,noise,1,noise_2.zip,1.자동차_1145_1_part_017.wav,noise_2::1.자동차_1145_1,2.0,44100,1,PCM_16,
/content/sound_project/classes/noise/noise_2__0087__1.자동차_1145_1_part_018.wav,noise,1,noise_2.zip,1.자동차_1145_1_part_018.wav,noise_2::1.자동차_1145_1,2.0,44100,1,PCM_16,
/content/sound_project/classes/noise/noise_2__0088__1.자동차_1145_1_part_019.wav,noise,1,noise_2.zip,1.자동차_1145_1_part_019.wav,noise_2::1.자동차_1145_1,2.0,44100,1,PCM_16,
/content/sound_project/classes/noise/noise_2__0089__1.자동차_1145_1_part_020.wav,noise,1,noise_2.zip,1.자동차_1145_1_part_020.wav,noise_2::1.자동차_1145_1,2.0,44100,1,PCM_16,
/content/sound_project/classes/noise/noise_2__0090__1.자동차_1145_1_part_021.wav,noise,1,noise_2.zip,1.자동차_1145_1_part_021.wav,noise_2::1.자동차_1145_1,2.0,44100,1,PCM_16,
/content/sound_project/classes/noise/noise_2__0091__1.자동차_1145_1_part_022.wav,noise,1,noise_2.zip,1.자동차_1145_1_part_022.wav,noise_2::1.자동차_1145_1,2.0,44100,1,PCM_16,
/content/sound_project/classes/noise/noise_2__0092__1.자동차_1145_1_part_023.wav,noise,1,noise_2.zip,1.자동차_1145_1_part_023.wav,noise_2::1.자동차_1145_1,0.78,44100,1,PCM_16,
/content/sound_project/classes/noise/noise_2__0093__1.자동차_1154_1_part_001.wav,noise,1,noise_2.zip,1.자동차_1154_1_part_001.wav,noise_2::1.자동차_1154_1,2.0,44100,2,PCM_16,
/content/sound_project/classes/noise/noise_2__0094__1.자동차_1154_1_part_002.wav,noise,1,noise_2.zip,1.자동차_1154_1_part_002.wav,noise_2::1.자동차_1154_1,2.0,44100,2,PCM_16,
/content/sound_project/classes/noise/noise_2__0095__1.자동차_1154_1_part_003.wav,noise,1,noise_2.zip,1.자동차_1154_1_part_003.wav,noise_2::1.자동차_1154_1,2.0,44100,2,PCM_16,
/content/sound_project/classes/noise/noise_2__0096__1.자동차_1154_1_part_004.wav,noise,1,noise_2.zip,1.자동차_1154_1_part_004.wav,noise_2::1.자동차_1154_1,1.135170068027211,44100,2,PCM_16,
/content/sound_project/classes/noise/noise_2__0097__1.자동차_1167_1_part_001.wav,noise,1,noise_2.zip,1.자동차_1167_1_part_001.wav,noise_2::1.자동차_1167_1,2.0,44100,2,PCM_16,
/content/sound_project/classes/noise/noise_2__0098__1.자동차_1167_1_part_002.wav,noise,1,noise_2.zip,1.자동차_1167_1_part_002.wav,noise_2::1.자동차_1167_1,2.0,44100,2,PCM_16,
/content/sound_project/classes/noise/noise_2__0099__1.자동차_1167_1_part_003.wav,noise,1,noise_2.zip,1.자동차_1167_1_part_003.wav,noise_2::1.자동차_1167_1,2.0,44100,2,PCM_16,
/content/sound_project/classes/noise/noise_2__0100__1.자동차_1167_1_part_004.wav,noise,1,noise_2.zip,1.자동차_1167_1_part_004.wav,noise_2::1.자동차_1167_1,2.0,44100,2,PCM_16,
/content/sound_project/classes/noise/noise_2__0101__1.자동차_1167_1_part_005.wav,noise,1,noise_2.zip,1.자동차_1167_1_part_005.wav,noise_2::1.자동차_1167_1,2.0,44100,2,PCM_16,
/content/sound_project/classes/noise/noise_2__0102__1.자동차_1167_1_part_006.wav,noise,1,noise_2.zip,1.자동차_1167_1_part_006.wav,noise_2::1.자동차_1167_1,2.0,44100,2,PCM_16,
/content/sound_project/classes/noise/noise_2__0103__1.자동차_1167_1_part_007.wav,noise,1,noise_2.zip,1.자동차_1167_1_part_007.wav,noise_2::1.자동차_1167_1,2.0,44100,2,PCM_16,
/content/sound_project/classes/noise/noise_2__0104__1.자동차_1167_1_part_008.wav,noise,1,noise_2.zip,1.자동차_1167_1_part_008.wav,noise_2::1.자동차_1167_1,2.0,44100,2,PCM_16,
/content/sound_project/classes/noise/noise_2__0105__1.자동차_1167_1_part_009.wav,noise,1,noise_2.zip,1.자동차_1167_1_part_009.wav,noise_2::1.자동차_1167_1,2.0,44100,2,PCM_16,
/content/sound_project/classes/noise/noise_2__0106__1.자동차_1167_1_part_010.wav,noise,1,noise_2.zip,1.자동차_1167_1_part_010.wav,noise_2::1.자동차_1167_1,2.0,44100,2,PCM_16,
/content/sound_project/classes/noise/noise_2__0107__1.자동차_1167_1_part_011.wav,noise,1,noise_2.zip,1.자동차_1167_1_part_011.wav,noise_2::1.자동차_1167_1,2.0,44100,2,PCM_16,
/content/sound_project/classes/noise/noise_2__0108__1.자동차_1167_1_part_012.wav,noise,1,noise_2.zip,1.자동차_1167_1_part_012.wav,noise_2::1.자동차_1167_1,2.0,44100,2,PCM_16,
/content/sound_project/classes/noise/noise_2__0109__1.자동차_1167_1_part_013.wav,noise,1,noise_2.zip,1.자동차_1167_1_part_013.wav,noise_2::1.자동차_1167_1,2.0,44100,2,PCM_16,
/content/sound_project/classes/noise/noise_2__0110__1.자동차_1167_1_part_014.wav,noise,1,noise_2.zip,1.자동차_1167_1_part_014.wav,noise_2::1.자동차_1167_1,2.0,44100,2,PCM_16,
/content/sound_project/classes/noise/noise_2__0111__1.자동차_1167_1_part_015.wav,noise,1,noise_2.zip,1.자동차_1167_1_part_015.wav,noise_2::1.자동차_1167_1,2.0,44100,2,PCM_16,
/content/sound_project/classes/noise/noise_2__0112__1.자동차_1167_1_part_016.wav,noise,1,noise_2.zip,1.자동차_1167_1_part_016.wav,noise_2::1.자동차_1167_1,2.0,44100,2,PCM_16,
/content/sound_project/classes/noise/noise_2__0113__1.자동차_1167_1_part_017.wav,noise,1,noise_2.zip,1.자동차_1167_1_part_017.wav,noise_2::1.자동차_1167_1,2.0,44100,2,PCM_16,
/content/sound_project/classes/noise/noise_2__0114__1.자동차_1167_1_part_018.wav,noise,1,noise_2.zip,1.자동차_1167_1_part_018.wav,noise_2::1.자동차_1167_1,2.0,44100,2,PCM_16,
/content/sound_project/classes/noise/noise_2__0115__1.자동차_1167_1_part_019.wav,noise,1,noise_2.zip,1.자동차_1167_1_part_019.wav,noise_2::1.자동차_1167_1,2.0,44100,2,PCM_16,
/content/sound_project/classes/noise/noise_2__0116__1.자동차_1167_1_part_020.wav,noise,1,noise_2.zip,1.자동차_1167_1_part_020.wav,noise_2::1.자동차_1167_1,2.0,44100,2,PCM_16,
/content/sound_project/classes/noise/noise_2__0117__1.자동차_1167_1_part_021.wav,noise,1,noise_2.zip,1.자동차_1167_1_part_021.wav,noise_2::1.자동차_1167_1,2.0,44100,2,PCM_16,
/content/sound_project/classes/noise/noise_2__0118__1.자동차_1167_1_part_022.wav,noise,1,noise_2.zip,1.자동차_1167_1_part_022.wav,noise_2::1.자동차_1167_1,2.0,44100,2,PCM_16,
/content/sound_project/classes/noise/noise_2__0119__1.자동차_1167_1_part_023.wav,noise,1,noise_2.zip,1.자동차_1167_1_part_023.wav,noise_2::1.자동차_1167_1,2.0,44100,2,PCM_16,
/content/sound_project/classes/noise/noise_2__0120__1.자동차_1167_1_part_024.wav,noise,1,noise_2.zip,1.자동차_1167_1_part_024.wav,noise_2::1.자동차_1167_1,2.0,44100,2,PCM_16,
/content/sound_project/classes/noise/noise_2__0121__1.자동차_1167_1_part_025.wav,noise,1,noise_2.zip,1.자동차_1167_1_part_025.wav,noise_2::1.자동차_1167_1,2.0,44100,2,PCM_16,
/content/sound_project/classes/noise/noise_2__0122__1.자동차_1167_1_part_026.wav,noise,1,noise_2.zip,1.자동차_1167_1_part_026.wav,noise_2::1.자동차_1167_1,2.0,44100,2,PCM_16,
/content/sound_project/classes/noise/noise_2__0123__1.자동차_1167_1_part_027.wav,noise,1,noise_2.zip,1.자동차_1167_1_part_027.wav,noise_2::1.자동차_1167_1,2.0,44100,2,PCM_16,
/content/sound_project/classes/noise/noise_2__0124__1.자동차_1167_1_part_028.wav,noise,1,noise_2.zip,1.자동차_1167_1_part_028.wav,noise_2::1.자동차_1167_1,2.0,44100,2,PCM_16,
/content/sound_project/classes/noise/noise_2__0125__1.자동차_1167_1_part_029.wav,noise,1,noise_2.zip,1.자동차_1167_1_part_029.wav,noise_2::1.자동차_1167_1,2.0,44100,2,PCM_16,
/content/sound_project/classes/noise/noise_2__0126__1.자동차_1167_1_part_030.wav,noise,1,noise_2.zip,1.자동차_1167_1_part_030.wav,noise_2::1.자동차_1167_1,2.0,44100,2,PCM_16,
/content/sound_project/classes/noise/noise_2__0127__1.자동차_1168_1_part_001.wav,noise,1,noise_2.zip,1.자동차_1168_1_part_001.wav,noise_2::1.자동차_1168_1,2.0,44100,2,PCM_16,
/content/sound_project/classes/noise/noise_2__0128__1.자동차_1168_1_part_002.wav,noise,1,noise_2.zip,1.자동차_1168_1_part_002.wav,noise_2::1.자동차_1168_1,2.0,44100,2,PCM_16,
/content/sound_project/classes/noise/noise_2__0129__1.자동차_1168_1_part_003.wav,noise,1,noise_2.zip,1.자동차_1168_1_part_003.wav,noise_2::1.자동차_1168_1,2.0,44100,2,PCM_16,
/content/sound_project/classes/noise/noise_2__0130__1.자동차_1168_1_part_004.wav,noise,1,noise_2.zip,1.자동차_1168_1_part_004.wav,noise_2::1.자동차_1168_1,2.0,44100,2,PCM_16,
/content/sound_project/classes/noise/noise_2__0131__1.자동차_1168_1_part_005.wav,noise,1,noise_2.zip,1.자동차_1168_1_part_005.wav,noise_2::1.자동차_1168_1,2.0,44100,2,PCM_16,
/content/sound_project/classes/noise/noise_2__0132__1.자동차_1168_1_part_006.wav,noise,1,noise_2.zip,1.자동차_1168_1_part_006.wav,noise_2::1.자동차_1168_1,2.0,44100,2,PCM_16,
/content/sound_project/classes/noise/noise_2__0133__1.자동차_1168_1_part_007.wav,noise,1,noise_2.zip,1.자동차_1168_1_part_007.wav,noise_2::1.자동차_1168_1,2.0,44100,2,PCM_16,
/content/sound_project/classes/noise/noise_2__0134__1.자동차_1168_1_part_008.wav,noise,1,noise_2.zip,1.자동차_1168_1_part_008.wav,noise_2::1.자동차_1168_1,2.0,44100,2,PCM_16,
/content/sound_project/classes/noise/noise_2__0135__1.자동차_1168_1_part_009.wav,noise,1,noise_2.zip,1.자동차_1168_1_part_009.wav,noise_2::1.자동차_1168_1,2.0,44100,2,PCM_16,
/content/sound_project/classes/noise/noise_2__0136__1.자동차_1168_1_part_010.wav,noise,1,noise_2.zip,1.자동차_1168_1_part_010.wav,noise_2::1.자동차_1168_1,2.0,44100,2,PCM_16,
/content/sound_project/classes/noise/noise_2__0137__1.자동차_1168_1_part_011.wav,noise,1,noise_2.zip,1.자동차_1168_1_part_011.wav,noise_2::1.자동차_1168_1,2.0,44100,2,PCM_16,
/content/sound_project/classes/noise/noise_2__0138__1.자동차_1168_1_part_012.wav,noise,1,noise_2.zip,1.자동차_1168_1_part_012.wav,noise_2::1.자동차_1168_1,2.0,44100,2,PCM_16,
/content/sound_project/classes/noise/noise_2__0139__1.자동차_1168_1_part_013.wav,noise,1,noise_2.zip,1.자동차_1168_1_part_013.wav,noise_2::1.자동차_1168_1,2.0,44100,2,PCM_16,
/content/sound_project/classes/noise/noise_2__0140__1.자동차_1168_1_part_014.wav,noise,1,noise_2.zip,1.자동차_1168_1_part_014.wav,noise_2::1.자동차_1168_1,2.0,44100,2,PCM_16,
/content/sound_project/classes/noise/noise_2__0141__1.자동차_1168_1_part_015.wav,noise,1,noise_2.zip,1.자동차_1168_1_part_015.wav,noise_2::1.자동차_1168_1,2.0,44100,2,PCM_16,
/content/sound_project/classes/noise/noise_2__0142__1.자동차_1168_1_part_016.wav,noise,1,noise_2.zip,1.자동차_1168_1_part_016.wav,noise_2::1.자동차_1168_1,2.0,44100,2,PCM_16,
/content/sound_project/classes/noise/noise_2__0143__1.자동차_1168_1_part_017.wav,noise,1,noise_2.zip,1.자동차_1168_1_part_017.wav,noise_2::1.자동차_1168_1,2.0,44100,2,PCM_16,
/content/sound_project/classes/noise/noise_2__0144__1.자동차_1168_1_part_018.wav,noise,1,noise_2.zip,1.자동차_1168_1_part_018.wav,noise_2::1.자동차_1168_1,2.0,44100,2,PCM_16,
/content/sound_project/classes/noise/noise_2__0145__1.자동차_1168_1_part_019.wav,noise,1,noise_2.zip,1.자동차_1168_1_part_019.wav,noise_2::1.자동차_1168_1,2.0,44100,2,PCM_16,
/content/sound_project/classes/noise/noise_2__0146__1.자동차_1168_1_part_020.wav,noise,1,noise_2.zip,1.자동차_1168_1_part_020.wav,noise_2::1.자동차_1168_1,2.0,44100,2,PCM_16,
/content/sound_project/classes/noise/noise_2__0147__1.자동차_1168_1_part_021.wav,noise,1,noise_2.zip,1.자동차_1168_1_part_021.wav,noise_2::1.자동차_1168_1,2.0,44100,2,PCM_16,
/content/sound_project/classes/noise/noise_2__0148__1.자동차_1168_1_part_022.wav,noise,1,noise_2.zip,1.자동차_1168_1_part_022.wav,noise_2::1.자동차_1168_1,2.0,44100,2,PCM_16,
/content/sound_project/classes/noise/noise_3__0000__N-10_220825_A_1_a_00686_part01.wav,noise,1,noise_3.zip,N-10_220825_A_1_a_00686_part01.wav,noise_3::N-10_220825_A_1_a_00686,2.0,48000,1,PCM_16,
/content/sound_project/classes/noise/noise_3__0001__N-10_220825_A_1_a_00686_part02.wav,noise,1,noise_3.zip,N-10_220825_A_1_a_00686_part02.wav,noise_3::N-10_220825_A_1_a_00686,2.0,48000,1,PCM_16,
/content/sound_project/classes/noise/noise_3__0002__N-10_220825_A_1_a_00686_part03.wav,noise,1,noise_3.zip,N-10_220825_A_1_a_00686_part03.wav,noise_3::N-10_220825_A_1_a_00686,2.0,48000,1,PCM_16,
/content/sound_project/classes/noise/noise_3__0003__N-10_220825_A_1_a_00686_part04.wav,noise,1,noise_3.zip,N-10_220825_A_1_a_00686_part04.wav,noise_3::N-10_220825_A_1_a_00686,2.0,48000,1,PCM_16,
/content/sound_project/classes/noise/noise_3__0004__N-10_220825_A_1_a_00686_part05.wav,noise,1,noise_3.zip,N-10_220825_A_1_a_00686_part05.wav,noise_3::N-10_220825_A_1_a_00686,2.0,48000,1,PCM_16,
/content/sound_project/classes/noise/noise_3__0005__N-10_220825_A_1_a_00686_part06.wav,noise,1,noise_3.zip,N-10_220825_A_1_a_00686_part06.wav,noise_3::N-10_220825_A_1_a_00686,2.0,48000,1,PCM_16,
/content/sound_project/classes/noise/noise_3__0006__N-10_220825_A_1_a_00686_part07.wav,noise,1,noise_3.zip,N-10_220825_A_1_a_00686_part07.wav,noise_3::N-10_220825_A_1_a_00686,2.0,48000,1,PCM_16,
/content/sound_project/classes/noise/noise_3__0007__N-10_220825_A_1_a_00686_part08.wav,noise,1,noise_3.zip,N-10_220825_A_1_a_00686_part08.wav,noise_3::N-10_220825_A_1_a_00686,2.0,48000,1,PCM_16,
/content/sound_project/classes/noise/noise_3__0008__N-10_220825_A_1_a_00687_part01.wav,noise,1,noise_3.zip,N-10_220825_A_1_a_00687_part01.wav,noise_3::N-10_220825_A_1_a_00687,2.0,48000,1,PCM_16,
/content/sound_project/classes/noise/noise_3__0009__N-10_220825_A_1_a_00687_part02.wav,noise,1,noise_3.zip,N-10_220825_A_1_a_00687_part02.wav,noise_3::N-10_220825_A_1_a_00687,2.0,48000,1,PCM_16,
/content/sound_project/classes/noise/noise_3__0010__N-10_220825_A_1_a_00687_part03.wav,noise,1,noise_3.zip,N-10_220825_A_1_a_00687_part03.wav,noise_3::N-10_220825_A_1_a_00687,2.0,48000,1,PCM_16,
/content/sound_project/classes/noise/noise_3__0011__N-10_220825_A_1_a_00687_part04.wav,noise,1,noise_3.zip,N-10_220825_A_1_a_00687_part04.wav,noise_3::N-10_220825_A_1_a_00687,2.0,48000,1,PCM_16,
/content/sound_project/classes/noise/noise_3__0012__N-10_220825_A_1_a_00687_part05.wav,noise,1,noise_3.zip,N-10_220825_A_1_a_00687_part05.wav,noise_3::N-10_220825_A_1_a_00687,2.0,48000,1,PCM_16,
/content/sound_project/classes/noise/noise_3__0013__N-10_220825_A_1_a_00687_part06.wav,noise,1,noise_3.zip,N-10_220825_A_1_a_00687_part06.wav,noise_3::N-10_220825_A_1_a_00687,2.0,48000,1,PCM_16,
/content/sound_project/classes/noise/noise_3__0014__N-10_220825_A_1_a_00687_part07.wav,noise,1,noise_3.zip,N-10_220825_A_1_a_00687_part07.wav,noise_3::N-10_220825_A_1_a_00687,2.0,48000,1,PCM_16,
/content/sound_project/classes/noise/noise_3__0015__N-10_220825_A_1_a_00687_part08.wav,noise,1,noise_3.zip,N-10_220825_A_1_a_00687_part08.wav,noise_3::N-10_220825_A_1_a_00687,2.0,48000,1,PCM_16,
/content/sound_project/classes/noise/noise_3__0016__N-10_220825_A_1_a_00701_part01.wav,noise,1,noise_3.zip,N-10_220825_A_1_a_00701_part01.wav,noise_3::N-10_220825_A_1_a_00701,2.0,48000,1,PCM_16,
/content/sound_project/classes/noise/noise_3__0017__N-10_220825_A_1_a_00701_part02.wav,noise,1,noise_3.zip,N-10_220825_A_1_a_00701_part02.wav,noise_3::N-10_220825_A_1_a_00701,2.0,48000,1,PCM_16,
/content/sound_project/classes/noise/noise_3__0018__N-10_220825_A_1_a_00701_part03.wav,noise,1,noise_3.zip,N-10_220825_A_1_a_00701_part03.wav,noise_3::N-10_220825_A_1_a_00701,2.0,48000,1,PCM_16,
/content/sound_project/classes/noise/noise_3__0019__N-10_220825_A_1_a_00701_part04.wav,noise,1,noise_3.zip,N-10_220825_A_1_a_00701_part04.wav,noise_3::N-10_220825_A_1_a_00701,2.0,48000,1,PCM_16,
/content/sound_project/classes/noise/noise_3__0020__N-10_220825_A_1_a_00701_part05.wav,noise,1,noise_3.zip,N-10_220825_A_1_a_00701_part05.wav,noise_3::N-10_220825_A_1_a_00701,2.0,48000,1,PCM_16,
/content/sound_project/classes/noise/noise_3__0021__N-10_220825_A_1_a_00701_part06.wav,noise,1,noise_3.zip,N-10_220825_A_1_a_00701_part06.wav,noise_3::N-10_220825_A_1_a_00701,2.0,48000,1,PCM_16,
/content/sound_project/classes/noise/noise_3__0022__N-10_220825_A_1_a_00701_part07.wav,noise,1,noise_3.zip,N-10_220825_A_1_a_00701_part07.wav,noise_3::N-10_220825_A_1_a_00701,2.0,48000,1,PCM_16,
/content/sound_project/classes/noise/noise_3__0023__N-10_220825_A_1_a_00701_part08.wav,noise,1,noise_3.zip,N-10_220825_A_1_a_00701_part08.wav,noise_3::N-10_220825_A_1_a_00701,2.0,48000,1,PCM_16,
/content/sound_project/classes/noise/noise_3__0024__N-10_220825_A_1_a_00702_part01.wav,noise,1,noise_3.zip,N-10_220825_A_1_a_00702_part01.wav,noise_3::N-10_220825_A_1_a_00702,2.0,48000,1,PCM_16,
/content/sound_project/classes/noise/noise_3__0025__N-10_220825_A_1_a_00702_part02.wav,noise,1,noise_3.zip,N-10_220825_A_1_a_00702_part02.wav,noise_3::N-10_220825_A_1_a_00702,2.0,48000,1,PCM_16,
/content/sound_project/classes/noise/noise_3__0026__N-10_220825_A_1_a_00702_part03.wav,noise,1,noise_3.zip,N-10_220825_A_1_a_00702_part03.wav,noise_3::N-10_220825_A_1_a_00702,2.0,48000,1,PCM_16,
/content/sound_project/classes/noise/noise_3__0027__N-10_220825_A_1_a_00702_part04.wav,noise,1,noise_3.zip,N-10_220825_A_1_a_00702_part04.wav,noise_3::N-10_220825_A_1_a_00702,2.0,48000,1,PCM_16,
/content/sound_project/classes/noise/noise_3__0028__N-10_220825_A_1_a_00702_part05.wav,noise,1,noise_3.zip,N-10_220825_A_1_a_00702_part05.wav,noise_3::N-10_220825_A_1_a_00702,2.0,48000,1,PCM_16,
/content/sound_project/classes/noise/noise_3__0029__N-10_220825_A_1_a_00702_part06.wav,noise,1,noise_3.zip,N-10_220825_A_1_a_00702_part06.wav,noise_3::N-10_220825_A_1_a_00702,2.0,48000,1,PCM_16,
/content/sound_project/classes/noise/noise_3__0030__N-10_220825_A_1_a_00702_part07.wav,noise,1,noise_3.zip,N-10_220825_A_1_a_00702_part07.wav,noise_3::N-10_220825_A_1_a_00702,2.0,48000,1,PCM_16,
/content/sound_project/classes/noise/noise_3__0031__N-10_220825_A_1_a_00702_part08.wav,noise,1,noise_3.zip,N-10_220825_A_1_a_00702_part08.wav,noise_3::N-10_220825_A_1_a_00702,2.0,48000,1,PCM_16,
/content/sound_project/classes/noise/noise_3__0032__N-10_220826_A_1_a_00689_part01.wav,noise,1,noise_3.zip,N-10_220826_A_1_a_00689_part01.wav,noise_3::N-10_220826_A_1_a_00689,2.0,48000,1,PCM_16,
/content/sound_project/classes/noise/noise_3__0033__N-10_220826_A_1_a_00689_part02.wav,noise,1,noise_3.zip,N-10_220826_A_1_a_00689_part02.wav,noise_3::N-10_220826_A_1_a_00689,2.0,48000,1,PCM_16,
/content/sound_project/classes/noise/noise_3__0034__N-10_220826_A_1_a_00689_part03.wav,noise,1,noise_3.zip,N-10_220826_A_1_a_00689_part03.wav,noise_3::N-10_220826_A_1_a_00689,2.0,48000,1,PCM_16,
/content/sound_project/classes/noise/noise_3__0035__N-10_220826_A_1_a_00689_part04.wav,noise,1,noise_3.zip,N-10_220826_A_1_a_00689_part04.wav,noise_3::N-10_220826_A_1_a_00689,2.0,48000,1,PCM_16,
/content/sound_project/classes/noise/noise_3__0036__N-10_220826_A_1_a_00689_part05.wav,noise,1,noise_3.zip,N-10_220826_A_1_a_00689_part05.wav,noise_3::N-10_220826_A_1_a_00689,2.0,48000,1,PCM_16,
/content/sound_project/classes/noise/noise_3__0037__N-10_220826_A_1_a_00689_part06.wav,noise,1,noise_3.zip,N-10_220826_A_1_a_00689_part06.wav,noise_3::N-10_220826_A_1_a_00689,2.0,48000,1,PCM_16,
/content/sound_project/classes/noise/noise_3__0038__N-10_220826_A_1_a_00689_part07.wav,noise,1,noise_3.zip,N-10_220826_A_1_a_00689_part07.wav,noise_3::N-10_220826_A_1_a_00689,2.0,48000,1,PCM_16,
/content/sound_project/classes/noise/noise_3__0039__N-10_220826_A_1_a_00689_part08.wav,noise,1,noise_3.zip,N-10_220826_A_1_a_00689_part08.wav,noise_3::N-10_220826_A_1_a_00689,2.0,48000,1,PCM_16,
/content/sound_project/classes/noise/noise_3__0040__N-10_220826_A_1_a_00690_part01.wav,noise,1,noise_3.zip,N-10_220826_A_1_a_00690_part01.wav,noise_3::N-10_220826_A_1_a_00690,2.0,48000,1,PCM_16,
/content/sound_project/classes/noise/noise_3__0041__N-10_220826_A_1_a_00690_part02.wav,noise,1,noise_3.zip,N-10_220826_A_1_a_00690_part02.wav,noise_3::N-10_220826_A_1_a_00690,2.0,48000,1,PCM_16,
/content/sound_project/classes/noise/noise_3__0042__N-10_220826_A_1_a_00690_part03.wav,noise,1,noise_3.zip,N-10_220826_A_1_a_00690_part03.wav,noise_3::N-10_220826_A_1_a_00690,2.0,48000,1,PCM_16,
/content/sound_project/classes/noise/noise_3__0043__N-10_220826_A_1_a_00690_part04.wav,noise,1,noise_3.zip,N-10_220826_A_1_a_00690_part04.wav,noise_3::N-10_220826_A_1_a_00690,2.0,48000,1,PCM_16,
/content/sound_project/classes/noise/noise_3__0044__N-10_220826_A_1_a_00690_part05.wav,noise,1,noise_3.zip,N-10_220826_A_1_a_00690_part05.wav,noise_3::N-10_220826_A_1_a_00690,2.0,48000,1,PCM_16,
/content/sound_project/classes/noise/noise_3__0045__N-10_220826_A_1_a_00690_part06.wav,noise,1,noise_3.zip,N-10_220826_A_1_a_00690_part06.wav,noise_3::N-10_220826_A_1_a_00690,2.0,48000,1,PCM_16,
/content/sound_project/classes/noise/noise_3__0046__N-10_220826_A_1_a_00690_part07.wav,noise,1,noise_3.zip,N-10_220826_A_1_a_00690_part07.wav,noise_3::N-10_220826_A_1_a_00690,2.0,48000,1,PCM_16,
/content/sound_project/classes/noise/noise_3__0047__N-10_220826_A_1_a_00690_part08.wav,noise,1,noise_3.zip,N-10_220826_A_1_a_00690_part08.wav,noise_3::N-10_220826_A_1_a_00690,2.0,48000,1,PCM_16,
/content/sound_project/classes/noise/noise_3__0048__N-10_220826_A_1_a_00691_part01.wav,noise,1,noise_3.zip,N-10_220826_A_1_a_00691_part01.wav,noise_3::N-10_220826_A_1_a_00691,2.0,48000,1,PCM_16,
/content/sound_project/classes/noise/noise_3__0049__N-10_220826_A_1_a_00691_part02.wav,noise,1,noise_3.zip,N-10_220826_A_1_a_00691_part02.wav,noise_3::N-10_220826_A_1_a_00691,2.0,48000,1,PCM_16,
/content/sound_project/classes/noise/noise_3__0050__N-10_220826_A_1_a_00691_part03.wav,noise,1,noise_3.zip,N-10_220826_A_1_a_00691_part03.wav,noise_3::N-10_220826_A_1_a_00691,2.0,48000,1,PCM_16,
/content/sound_project/classes/noise/noise_3__0051__N-10_220826_A_1_a_00691_part04.wav,noise,1,noise_3.zip,N-10_220826_A_1_a_00691_part04.wav,noise_3::N-10_220826_A_1_a_00691,2.0,48000,1,PCM_16,
/content/sound_project/classes/noise/noise_3__0052__N-10_220826_A_1_a_00691_part05.wav,noise,1,noise_3.zip,N-10_220826_A_1_a_00691_part05.wav,noise_3::N-10_220826_A_1_a_00691,2.0,48000,1,PCM_16,
/content/sound_project/classes/noise/noise_3__0053__N-10_220826_A_1_a_00691_part06.wav,noise,1,noise_3.zip,N-10_220826_A_1_a_00691_part06.wav,noise_3::N-10_220826_A_1_a_00691,2.0,48000,1,PCM_16,
/content/sound_project/classes/noise/noise_3__0054__N-10_220826_A_1_a_00691_part07.wav,noise,1,noise_3.zip,N-10_220826_A_1_a_00691_part07.wav,noise_3::N-10_220826_A_1_a_00691,2.0,48000,1,PCM_16,
/content/sound_project/classes/noise/noise_3__0055__N-10_220826_A_1_a_00691_part08.wav,noise,1,noise_3.zip,N-10_220826_A_1_a_00691_part08.wav,noise_3::N-10_220826_A_1_a_00691,2.0,48000,1,PCM_16,
/content/sound_project/classes/noise/noise_3__0056__N-10_220826_A_1_a_00959_part01.wav,noise,1,noise_3.zip,N-10_220826_A_1_a_00959_part01.wav,noise_3::N-10_220826_A_1_a_00959,2.0,48000,1,PCM_16,
/content/sound_project/classes/noise/noise_3__0057__N-10_220826_A_1_a_00959_part02.wav,noise,1,noise_3.zip,N-10_220826_A_1_a_00959_part02.wav,noise_3::N-10_220826_A_1_a_00959,2.0,48000,1,PCM_16,
/content/sound_project/classes/noise/noise_3__0058__N-10_220826_A_1_a_00959_part03.wav,noise,1,noise_3.zip,N-10_220826_A_1_a_00959_part03.wav,noise_3::N-10_220826_A_1_a_00959,2.0,48000,1,PCM_16,
/content/sound_project/classes/noise/noise_3__0059__N-10_220826_A_1_a_00959_part04.wav,noise,1,noise_3.zip,N-10_220826_A_1_a_00959_part04.wav,noise_3::N-10_220826_A_1_a_00959,2.0,48000,1,PCM_16,
/content/sound_project/classes/noise/noise_3__0060__N-10_220826_A_1_a_00959_part05.wav,noise,1,noise_3.zip,N-10_220826_A_1_a_00959_part05.wav,noise_3::N-10_220826_A_1_a_00959,2.0,48000,1,PCM_16,
/content/sound_project/classes/noise/noise_3__0061__N-10_220826_A_1_a_00959_part06.wav,noise,1,noise_3.zip,N-10_220826_A_1_a_00959_part06.wav,noise_3::N-10_220826_A_1_a_00959,2.0,48000,1,PCM_16,
/content/sound_project/classes/noise/noise_3__0062__N-10_220826_A_1_a_00959_part07.wav,noise,1,noise_3.zip,N-10_220826_A_1_a_00959_part07.wav,noise_3::N-10_220826_A_1_a_00959,2.0,48000,1,PCM_16,
/content/sound_project/classes/noise/noise_3__0063__N-10_220826_A_1_a_00959_part08.wav,noise,1,noise_3.zip,N-10_220826_A_1_a_00959_part08.wav,noise_3::N-10_220826_A_1_a_00959,2.0,48000,1,PCM_16,
/content/sound_project/classes/noise/noise_3__0064__N-10_220826_A_1_a_00967_part01.wav,noise,1,noise_3.zip,N-10_220826_A_1_a_00967_part01.wav,noise_3::N-10_220826_A_1_a_00967,2.0,48000,1,PCM_16,
/content/sound_project/classes/noise/noise_3__0065__N-10_220826_A_1_a_00967_part02.wav,noise,1,noise_3.zip,N-10_220826_A_1_a_00967_part02.wav,noise_3::N-10_220826_A_1_a_00967,2.0,48000,1,PCM_16,
/content/sound_project/classes/noise/noise_3__0066__N-10_220826_A_1_a_00967_part03.wav,noise,1,noise_3.zip,N-10_220826_A_1_a_00967_part03.wav,noise_3::N-10_220826_A_1_a_00967,2.0,48000,1,PCM_16,
/content/sound_project/classes/noise/noise_3__0067__N-10_220826_A_1_a_00967_part04.wav,noise,1,noise_3.zip,N-10_220826_A_1_a_00967_part04.wav,noise_3::N-10_220826_A_1_a_00967,2.0,48000,1,PCM_16,
/content/sound_project/classes/noise/noise_3__0068__N-10_220826_A_1_a_00967_part05.wav,noise,1,noise_3.zip,N-10_220826_A_1_a_00967_part05.wav,noise_3::N-10_220826_A_1_a_00967,2.0,48000,1,PCM_16,
/content/sound_project/classes/noise/noise_3__0069__N-10_220826_A_1_a_00967_part06.wav,noise,1,noise_3.zip,N-10_220826_A_1_a_00967_part06.wav,noise_3::N-10_220826_A_1_a_00967,2.0,48000,1,PCM_16,
/content/sound_project/classes/noise/noise_3__0070__N-10_220826_A_1_a_00967_part07.wav,noise,1,noise_3.zip,N-10_220826_A_1_a_00967_part07.wav,noise_3::N-10_220826_A_1_a_00967,2.0,48000,1,PCM_16,
/content/sound_project/classes/noise/noise_3__0071__N-10_220826_A_1_a_00967_part08.wav,noise,1,noise_3.zip,N-10_220826_A_1_a_00967_part08.wav,noise_3::N-10_220826_A_1_a_00967,2.0,48000,1,PCM_16,
/content/sound_project/classes/noise/noise_3__0072__N-10_220826_A_1_a_00968_part01.wav,noise,1,noise_3.zip,N-10_220826_A_1_a_00968_part01.wav,noise_3::N-10_220826_A_1_a_00968,2.0,48000,1,PCM_16,
/content/sound_project/classes/noise/noise_3__0073__N-10_220826_A_1_a_00968_part02.wav,noise,1,noise_3.zip,N-10_220826_A_1_a_00968_part02.wav,noise_3::N-10_220826_A_1_a_00968,2.0,48000,1,PCM_16,
/content/sound_project/classes/noise/noise_3__0074__N-10_220826_A_1_a_00968_part03.wav,noise,1,noise_3.zip,N-10_220826_A_1_a_00968_part03.wav,noise_3::N-10_220826_A_1_a_00968,2.0,48000,1,PCM_16,
/content/sound_project/classes/noise/noise_3__0075__N-10_220826_A_1_a_00968_part04.wav,noise,1,noise_3.zip,N-10_220826_A_1_a_00968_part04.wav,noise_3::N-10_220826_A_1_a_00968,2.0,48000,1,PCM_16,
/content/sound_project/classes/noise/noise_3__0076__N-10_220826_A_1_a_00968_part05.wav,noise,1,noise_3.zip,N-10_220826_A_1_a_00968_part05.wav,noise_3::N-10_220826_A_1_a_00968,2.0,48000,1,PCM_16,
/content/sound_project/classes/noise/noise_3__0077__N-10_220826_A_1_a_00968_part06.wav,noise,1,noise_3.zip,N-10_220826_A_1_a_00968_part06.wav,noise_3::N-10_220826_A_1_a_00968,2.0,48000,1,PCM_16,
/content/sound_project/classes/noise/noise_3__0078__N-10_220826_A_1_a_00968_part07.wav,noise,1,noise_3.zip,N-10_220826_A_1_a_00968_part07.wav,noise_3::N-10_220826_A_1_a_00968,2.0,48000,1,PCM_16,
/content/sound_project/classes/noise/noise_3__0079__N-10_220826_A_1_a_00968_part08.wav,noise,1,noise_3.zip,N-10_220826_A_1_a_00968_part08.wav,noise_3::N-10_220826_A_1_a_00968,2.0,48000,1,PCM_16,
/content/sound_project/classes/noise/noise_3__0080__N-10_220828_A_1_a_00960_part01.wav,noise,1,noise_3.zip,N-10_220828_A_1_a_00960_part01.wav,noise_3::N-10_220828_A_1_a_00960,2.0,48000,1,PCM_16,
/content/sound_project/classes/noise/noise_3__0081__N-10_220828_A_1_a_00960_part02.wav,noise,1,noise_3.zip,N-10_220828_A_1_a_00960_part02.wav,noise_3::N-10_220828_A_1_a_00960,2.0,48000,1,PCM_16,
/content/sound_project/classes/noise/noise_3__0082__N-10_220828_A_1_a_00960_part03.wav,noise,1,noise_3.zip,N-10_220828_A_1_a_00960_part03.wav,noise_3::N-10_220828_A_1_a_00960,2.0,48000,1,PCM_16,
/content/sound_project/classes/noise/noise_3__0083__N-10_220828_A_1_a_00960_part04.wav,noise,1,noise_3.zip,N-10_220828_A_1_a_00960_part04.wav,noise_3::N-10_220828_A_1_a_00960,2.0,48000,1,PCM_16,
/content/sound_project/classes/noise/noise_3__0084__N-10_220828_A_1_a_00960_part05.wav,noise,1,noise_3.zip,N-10_220828_A_1_a_00960_part05.wav,noise_3::N-10_220828_A_1_a_00960,2.0,48000,1,PCM_16,
/content/sound_project/classes/noise/noise_3__0085__N-10_220828_A_1_a_00960_part06.wav,noise,1,noise_3.zip,N-10_220828_A_1_a_00960_part06.wav,noise_3::N-10_220828_A_1_a_00960,2.0,48000,1,PCM_16,
/content/sound_project/classes/noise/noise_3__0086__N-10_220828_A_1_a_00960_part07.wav,noise,1,noise_3.zip,N-10_220828_A_1_a_00960_part07.wav,noise_3::N-10_220828_A_1_a_00960,2.0,48000,1,PCM_16,
/content/sound_project/classes/noise/noise_3__0087__N-10_220828_A_1_a_00960_part08.wav,noise,1,noise_3.zip,N-10_220828_A_1_a_00960_part08.wav,noise_3::N-10_220828_A_1_a_00960,2.0,48000,1,PCM_16,
/content/sound_project/classes/noise/noise_3__0088__N-10_220828_A_1_a_00961_part01.wav,noise,1,noise_3.zip,N-10_220828_A_1_a_00961_part01.wav,noise_3::N-10_220828_A_1_a_00961,2.0,48000,1,PCM_16,
/content/sound_project/classes/noise/noise_3__0089__N-10_220828_A_1_a_00961_part02.wav,noise,1,noise_3.zip,N-10_220828_A_1_a_00961_part02.wav,noise_3::N-10_220828_A_1_a_00961,2.0,48000,1,PCM_16,
/content/sound_project/classes/noise/noise_3__0090__N-10_220828_A_1_a_00961_part03.wav,noise,1,noise_3.zip,N-10_220828_A_1_a_00961_part03.wav,noise_3::N-10_220828_A_1_a_00961,2.0,48000,1,PCM_16,
/content/sound_project/classes/noise/noise_3__0091__N-10_220828_A_1_a_00961_part04.wav,noise,1,noise_3.zip,N-10_220828_A_1_a_00961_part04.wav,noise_3::N-10_220828_A_1_a_00961,2.0,48000,1,PCM_16,
/content/sound_project/classes/noise/noise_3__0092__N-10_220828_A_1_a_00961_part05.wav,noise,1,noise_3.zip,N-10_220828_A_1_a_00961_part05.wav,noise_3::N-10_220828_A_1_a_00961,2.0,48000,1,PCM_16,
/content/sound_project/classes/noise/noise_3__0093__N-10_220828_A_1_a_00961_part06.wav,noise,1,noise_3.zip,N-10_220828_A_1_a_00961_part06.wav,noise_3::N-10_220828_A_1_a_00961,2.0,48000,1,PCM_16,
/content/sound_project/classes/noise/noise_3__0094__N-10_220828_A_1_a_00961_part07.wav,noise,1,noise_3.zip,N-10_220828_A_1_a_00961_part07.wav,noise_3::N-10_220828_A_1_a_00961,2.0,48000,1,PCM_16,
/content/sound_project/classes/noise/noise_3__0095__N-10_220828_A_1_a_00961_part08.wav,noise,1,noise_3.zip,N-10_220828_A_1_a_00961_part08.wav,noise_3::N-10_220828_A_1_a_00961,2.0,48000,1,PCM_16,
/content/sound_project/classes/noise/noise_3__0096__N-10_220828_A_1_a_00969_part01.wav,noise,1,noise_3.zip,N-10_220828_A_1_a_00969_part01.wav,noise_3::N-10_220828_A_1_a_00969,2.0,48000,1,PCM_16,
/content/sound_project/classes/noise/noise_3__0097__N-10_220828_A_1_a_00969_part02.wav,noise,1,noise_3.zip,N-10_220828_A_1_a_00969_part02.wav,noise_3::N-10_220828_A_1_a_00969,2.0,48000,1,PCM_16,
/content/sound_project/classes/noise/noise_3__0098__N-10_220828_A_1_a_00969_part03.wav,noise,1,noise_3.zip,N-10_220828_A_1_a_00969_part03.wav,noise_3::N-10_220828_A_1_a_00969,2.0,48000,1,PCM_16,
/content/sound_project/classes/noise/noise_3__0099__N-10_220828_A_1_a_00969_part04.wav,noise,1,noise_3.zip,N-10_220828_A_1_a_00969_part04.wav,noise_3::N-10_220828_A_1_a_00969,2.0,48000,1,PCM_16,
/content/sound_project/classes/noise/noise_3__0100__N-10_220828_A_1_a_00969_part05.wav,noise,1,noise_3.zip,N-10_220828_A_1_a_00969_part05.wav,noise_3::N-10_220828_A_1_a_00969,2.0,48000,1,PCM_16,
/content/sound_project/classes/noise/noise_3__0101__N-10_220828_A_1_a_00969_part06.wav,noise,1,noise_3.zip,N-10_220828_A_1_a_00969_part06.wav,noise_3::N-10_220828_A_1_a_00969,2.0,48000,1,PCM_16,
/content/sound_project/classes/noise/noise_3__0102__N-10_220828_A_1_a_00969_part07.wav,noise,1,noise_3.zip,N-10_220828_A_1_a_00969_part07.wav,noise_3::N-10_220828_A_1_a_00969,2.0,48000,1,PCM_16,
/content/sound_project/classes/noise/noise_3__0103__N-10_220828_A_1_a_00969_part08.wav,noise,1,noise_3.zip,N-10_220828_A_1_a_00969_part08.wav,noise_3::N-10_220828_A_1_a_00969,2.0,48000,1,PCM_16,
/content/sound_project/classes/noise/noise_3__0104__N-10_220828_A_1_a_00970_part01.wav,noise,1,noise_3.zip,N-10_220828_A_1_a_00970_part01.wav,noise_3::N-10_220828_A_1_a_00970,2.0,48000,1,PCM_16,
/content/sound_project/classes/noise/noise_3__0105__N-10_220828_A_1_a_00970_part02.wav,noise,1,noise_3.zip,N-10_220828_A_1_a_00970_part02.wav,noise_3::N-10_220828_A_1_a_00970,2.0,48000,1,PCM_16,
/content/sound_project/classes/noise/noise_3__0106__N-10_220828_A_1_a_00970_part03.wav,noise,1,noise_3.zip,N-10_220828_A_1_a_00970_part03.wav,noise_3::N-10_220828_A_1_a_00970,2.0,48000,1,PCM_16,
/content/sound_project/classes/noise/noise_3__0107__N-10_220828_A_1_a_00970_part04.wav,noise,1,noise_3.zip,N-10_220828_A_1_a_00970_part04.wav,noise_3::N-10_220828_A_1_a_00970,2.0,48000,1,PCM_16,
/content/sound_project/classes/noise/noise_3__0108__N-10_220828_A_1_a_00970_part05.wav,noise,1,noise_3.zip,N-10_220828_A_1_a_00970_part05.wav,noise_3::N-10_220828_A_1_a_00970,2.0,48000,1,PCM_16,
/content/sound_project/classes/noise/noise_3__0109__N-10_220828_A_1_a_00970_part06.wav,noise,1,noise_3.zip,N-10_220828_A_1_a_00970_part06.wav,noise_3::N-10_220828_A_1_a_00970,2.0,48000,1,PCM_16,
/content/sound_project/classes/noise/noise_3__0110__N-10_220828_A_1_a_00970_part07.wav,noise,1,noise_3.zip,N-10_220828_A_1_a_00970_part07.wav,noise_3::N-10_220828_A_1_a_00970,2.0,48000,1,PCM_16,
/content/sound_project/classes/noise/noise_3__0111__N-10_220828_A_1_a_00970_part08.wav,noise,1,noise_3.zip,N-10_220828_A_1_a_00970_part08.wav,noise_3::N-10_220828_A_1_a_00970,2.0,48000,1,PCM_16,
/content/sound_project/classes/noise/noise_3__0112__N-10_220831_A_1_a_00474_part01.wav,noise,1,noise_3.zip,N-10_220831_A_1_a_00474_part01.wav,noise_3::N-10_220831_A_1_a_00474,2.0,48000,1,PCM_16,
/content/sound_project/classes/noise/noise_3__0113__N-10_220831_A_1_a_00474_part02.wav,noise,1,noise_3.zip,N-10_220831_A_1_a_00474_part02.wav,noise_3::N-10_220831_A_1_a_00474,2.0,48000,1,PCM_16,
/content/sound_project/classes/noise/noise_3__0114__N-10_220831_A_1_a_00474_part03.wav,noise,1,noise_3.zip,N-10_220831_A_1_a_00474_part03.wav,noise_3::N-10_220831_A_1_a_00474,2.0,48000,1,PCM_16,
/content/sound_project/classes/noise/noise_3__0115__N-10_220831_A_1_a_00474_part04.wav,noise,1,noise_3.zip,N-10_220831_A_1_a_00474_part04.wav,noise_3::N-10_220831_A_1_a_00474,2.0,48000,1,PCM_16,
/content/sound_project/classes/noise/noise_3__0116__N-10_220831_A_1_a_00474_part05.wav,noise,1,noise_3.zip,N-10_220831_A_1_a_00474_part05.wav,noise_3::N-10_220831_A_1_a_00474,2.0,48000,1,PCM_16,
/content/sound_project/classes/noise/noise_3__0117__N-10_220831_A_1_a_00474_part06.wav,noise,1,noise_3.zip,N-10_220831_A_1_a_00474_part06.wav,noise_3::N-10_220831_A_1_a_00474,2.0,48000,1,PCM_16,
/content/sound_project/classes/noise/noise_3__0118__N-10_220831_A_1_a_00474_part07.wav,noise,1,noise_3.zip,N-10_220831_A_1_a_00474_part07.wav,noise_3::N-10_220831_A_1_a_00474,2.0,48000,1,PCM_16,
/content/sound_project/classes/noise/noise_3__0119__N-10_220831_A_1_a_00474_part08.wav,noise,1,noise_3.zip,N-10_220831_A_1_a_00474_part08.wav,noise_3::N-10_220831_A_1_a_00474,2.0,48000,1,PCM_16,
/content/sound_project/classes/noise/noise_4__0000__N-10_220929_C_1_b_30870_part_02.wav,noise,1,noise_4.zip,N-10_220929_C_1_b_30870_part_02.wav,noise_4::N-10_220929_C_1_b_30870,2.0,48000,1,FLOAT,
/content/sound_project/classes/noise/noise_4__0001__N-10_220928_C_1_b_31691_part_08.wav,noise,1,noise_4.zip,N-10_220928_C_1_b_31691_part_08.wav,noise_4::N-10_220928_C_1_b_31691,2.0,48000,1,PCM_24,
/content/sound_project/classes/noise/noise_4__0002__N-10_220929_C_1_b_30870_part_04.wav,noise,1,noise_4.zip,N-10_220929_C_1_b_30870_part_04.wav,noise_4::N-10_220929_C_1_b_30870,2.0,48000,1,FLOAT,
/content/sound_project/classes/noise/noise_4__0003__N-10_220929_C_1_b_30878_part_01.wav,noise,1,noise_4.zip,N-10_220929_C_1_b_30878_part_01.wav,noise_4::N-10_220929_C_1_b_30878,2.0,48000,1,FLOAT,
/content/sound_project/classes/noise/noise_4__0004__N-10_220928_C_1_b_31691_part_07.wav,noise,1,noise_4.zip,N-10_220928_C_1_b_31691_part_07.wav,noise_4::N-10_220928_C_1_b_31691,2.0,48000,1,PCM_24,
/content/sound_project/classes/noise/noise_4__0005__N-10_220929_C_1_b_30874_part_07.wav,noise,1,noise_4.zip,N-10_220929_C_1_b_30874_part_07.wav,noise_4::N-10_220929_C_1_b_30874,2.0,48000,1,FLOAT,
/content/sound_project/classes/noise/noise_4__0006__N-10_220929_C_1_b_30872_part_01.wav,noise,1,noise_4.zip,N-10_220929_C_1_b_30872_part_01.wav,noise_4::N-10_220929_C_1_b_30872,2.0,48000,1,FLOAT,
/content/sound_project/classes/noise/noise_4__0007__N-10_220929_C_1_b_31000_part_03.wav,noise,1,noise_4.zip,N-10_220929_C_1_b_31000_part_03.wav,noise_4::N-10_220929_C_1_b_31000,2.0,48000,1,FLOAT,
/content/sound_project/classes/noise/noise_4__0008__N-10_220929_C_1_b_30878_part_06.wav,noise,1,noise_4.zip,N-10_220929_C_1_b_30878_part_06.wav,noise_4::N-10_220929_C_1_b_30878,2.0,48000,1,FLOAT,
/content/sound_project/classes/noise/noise_4__0009__N-10_220929_C_1_b_30872_part_07.wav,noise,1,noise_4.zip,N-10_220929_C_1_b_30872_part_07.wav,noise_4::N-10_220929_C_1_b_30872,2.0,48000,1,FLOAT,
/content/sound_project/classes/noise/noise_4__0010__N-10_220929_C_1_b_30876_part_03.wav,noise,1,noise_4.zip,N-10_220929_C_1_b_30876_part_03.wav,noise_4::N-10_220929_C_1_b_30876,2.0,48000,1,FLOAT,
/content/sound_project/classes/noise/noise_4__0011__N-10_220929_C_1_b_30876_part_02.wav,noise,1,noise_4.zip,N-10_220929_C_1_b_30876_part_02.wav,noise_4::N-10_220929_C_1_b_30876,2.0,48000,1,FLOAT,
/content/sound_project/classes/noise/noise_4__0012__N-10_220929_C_1_b_30871_part_05.wav,noise,1,noise_4.zip,N-10_220929_C_1_b_30871_part_05.wav,noise_4::N-10_220929_C_1_b_30871,2.0,48000,1,FLOAT,
/content/sound_project/classes/noise/noise_4__0013__N-10_220929_C_1_b_30871_part_01.wav,noise,1,noise_4.zip,N-10_220929_C_1_b_30871_part_01.wav,noise_4::N-10_220929_C_1_b_30871,2.0,48000,1,FLOAT,
/content/sound_project/classes/noise/noise_4__0014__N-10_220929_C_1_b_30999_part_03.wav,noise,1,noise_4.zip,N-10_220929_C_1_b_30999_part_03.wav,noise_4::N-10_220929_C_1_b_30999,2.0,48000,1,FLOAT,
/content/sound_project/classes/noise/noise_4__0015__N-10_220929_C_1_b_30869_part_07.wav,noise,1,noise_4.zip,N-10_220929_C_1_b_30869_part_07.wav,noise_4::N-10_220929_C_1_b_30869,2.0,48000,1,FLOAT,
/content/sound_project/classes/noise/noise_4__0016__N-10_220929_C_1_b_30869_part_05.wav,noise,1,noise_4.zip,N-10_220929_C_1_b_30869_part_05.wav,noise_4::N-10_220929_C_1_b_30869,2.0,48000,1,FLOAT,
/content/sound_project/classes/noise/noise_4__0017__N-10_220929_C_1_b_30875_part_08.wav,noise,1,noise_4.zip,N-10_220929_C_1_b_30875_part_08.wav,noise_4::N-10_220929_C_1_b_30875,2.0,48000,1,FLOAT,
/content/sound_project/classes/noise/noise_4__0018__N-10_220929_C_1_b_30997_part_01.wav,noise,1,noise_4.zip,N-10_220929_C_1_b_30997_part_01.wav,noise_4::N-10_220929_C_1_b_30997,2.0,48000,1,PCM_24,
/content/sound_project/classes/noise/noise_4__0019__N-10_220929_C_1_b_30996_part_01.wav,noise,1,noise_4.zip,N-10_220929_C_1_b_30996_part_01.wav,noise_4::N-10_220929_C_1_b_30996,2.0,48000,1,FLOAT,
/content/sound_project/classes/noise/noise_4__0020__N-10_220929_C_1_b_30878_part_04.wav,noise,1,noise_4.zip,N-10_220929_C_1_b_30878_part_04.wav,noise_4::N-10_220929_C_1_b_30878,2.0,48000,1,FLOAT,
/content/sound_project/classes/noise/noise_4__0021__N-10_220929_C_1_b_30882_part_01.wav,noise,1,noise_4.zip,N-10_220929_C_1_b_30882_part_01.wav,noise_4::N-10_220929_C_1_b_30882,2.0,48000,1,FLOAT,
/content/sound_project/classes/noise/noise_4__0022__N-10_220929_C_1_b_30871_part_06.wav,noise,1,noise_4.zip,N-10_220929_C_1_b_30871_part_06.wav,noise_4::N-10_220929_C_1_b_30871,2.0,48000,1,FLOAT,
/content/sound_project/classes/noise/noise_4__0023__N-10_220929_C_1_b_30868_part_06.wav,noise,1,noise_4.zip,N-10_220929_C_1_b_30868_part_06.wav,noise_4::N-10_220929_C_1_b_30868,2.0,48000,1,FLOAT,
/content/sound_project/classes/noise/noise_4__0024__N-10_220929_C_1_b_30880_part_02.wav,noise,1,noise_4.zip,N-10_220929_C_1_b_30880_part_02.wav,noise_4::N-10_220929_C_1_b_30880,2.0,48000,1,FLOAT,
/content/sound_project/classes/noise/noise_4__0025__N-10_220929_C_1_b_30881_part_06.wav,noise,1,noise_4.zip,N-10_220929_C_1_b_30881_part_06.wav,noise_4::N-10_220929_C_1_b_30881,2.0,48000,1,FLOAT,
/content/sound_project/classes/noise/noise_4__0026__N-10_220929_C_1_b_30875_part_04.wav,noise,1,noise_4.zip,N-10_220929_C_1_b_30875_part_04.wav,noise_4::N-10_220929_C_1_b_30875,2.0,48000,1,FLOAT,
/content/sound_project/classes/noise/noise_4__0027__N-10_220929_C_1_b_30870_part_08.wav,noise,1,noise_4.zip,N-10_220929_C_1_b_30870_part_08.wav,noise_4::N-10_220929_C_1_b_30870,2.0,48000,1,FLOAT,
/content/sound_project/classes/noise/noise_4__0028__N-10_220929_C_1_b_30876_part_01.wav,noise,1,noise_4.zip,N-10_220929_C_1_b_30876_part_01.wav,noise_4::N-10_220929_C_1_b_30876,2.0,48000,1,FLOAT,
/content/sound_project/classes/noise/noise_4__0029__N-10_220929_C_1_b_30881_part_01.wav,noise,1,noise_4.zip,N-10_220929_C_1_b_30881_part_01.wav,noise_4::N-10_220929_C_1_b_30881,2.0,48000,1,FLOAT,
/content/sound_project/classes/noise/noise_4__0030__N-10_220929_C_1_b_30999_part_07.wav,noise,1,noise_4.zip,N-10_220929_C_1_b_30999_part_07.wav,noise_4::N-10_220929_C_1_b_30999,2.0,48000,1,FLOAT,
/content/sound_project/classes/noise/noise_4__0031__N-10_220929_C_1_b_30999_part_02.wav,noise,1,noise_4.zip,N-10_220929_C_1_b_30999_part_02.wav,noise_4::N-10_220929_C_1_b_30999,2.0,48000,1,FLOAT,
/content/sound_project/classes/noise/noise_4__0032__N-10_220929_C_1_b_30869_part_06.wav,noise,1,noise_4.zip,N-10_220929_C_1_b_30869_part_06.wav,noise_4::N-10_220929_C_1_b_30869,2.0,48000,1,FLOAT,
/content/sound_project/classes/noise/noise_4__0033__N-10_220929_C_1_b_30869_part_03.wav,noise,1,noise_4.zip,N-10_220929_C_1_b_30869_part_03.wav,noise_4::N-10_220929_C_1_b_30869,2.0,48000,1,FLOAT,
/content/sound_project/classes/noise/noise_4__0034__N-10_220929_C_1_b_31000_part_06.wav,noise,1,noise_4.zip,N-10_220929_C_1_b_31000_part_06.wav,noise_4::N-10_220929_C_1_b_31000,2.0,48000,1,FLOAT,
/content/sound_project/classes/noise/noise_4__0035__N-10_220929_C_1_b_30870_part_06.wav,noise,1,noise_4.zip,N-10_220929_C_1_b_30870_part_06.wav,noise_4::N-10_220929_C_1_b_30870,2.0,48000,1,FLOAT,
/content/sound_project/classes/noise/noise_4__0036__N-10_220929_C_1_b_30871_part_03.wav,noise,1,noise_4.zip,N-10_220929_C_1_b_30871_part_03.wav,noise_4::N-10_220929_C_1_b_30871,2.0,48000,1,FLOAT,
/content/sound_project/classes/noise/noise_4__0037__N-10_220929_C_1_b_30879_part_08.wav,noise,1,noise_4.zip,N-10_220929_C_1_b_30879_part_08.wav,noise_4::N-10_220929_C_1_b_30879,2.0,48000,1,FLOAT,
/content/sound_project/classes/noise/noise_4__0038__N-10_220929_C_1_b_30878_part_02.wav,noise,1,noise_4.zip,N-10_220929_C_1_b_30878_part_02.wav,noise_4::N-10_220929_C_1_b_30878,2.0,48000,1,FLOAT,
/content/sound_project/classes/noise/noise_4__0039__N-10_220928_C_1_b_31691_part_01.wav,noise,1,noise_4.zip,N-10_220928_C_1_b_31691_part_01.wav,noise_4::N-10_220928_C_1_b_31691,2.0,48000,1,PCM_24,
/content/sound_project/classes/noise/noise_4__0040__N-10_220929_C_1_b_30869_part_02.wav,noise,1,noise_4.zip,N-10_220929_C_1_b_30869_part_02.wav,noise_4::N-10_220929_C_1_b_30869,2.0,48000,1,FLOAT,
/content/sound_project/classes/noise/noise_4__0041__N-10_220929_C_1_b_30997_part_04.wav,noise,1,noise_4.zip,N-10_220929_C_1_b_30997_part_04.wav,noise_4::N-10_220929_C_1_b_30997,2.0,48000,1,PCM_24,
/content/sound_project/classes/noise/noise_4__0042__N-10_220929_C_1_b_30874_part_01.wav,noise,1,noise_4.zip,N-10_220929_C_1_b_30874_part_01.wav,noise_4::N-10_220929_C_1_b_30874,2.0,48000,1,FLOAT,
/content/sound_project/classes/noise/noise_4__0043__N-10_220929_C_1_b_30882_part_06.wav,noise,1,noise_4.zip,N-10_220929_C_1_b_30882_part_06.wav,noise_4::N-10_220929_C_1_b_30882,2.0,48000,1,FLOAT,
/content/sound_project/classes/noise/noise_4__0044__N-10_220929_C_1_b_30880_part_06.wav,noise,1,noise_4.zip,N-10_220929_C_1_b_30880_part_06.wav,noise_4::N-10_220929_C_1_b_30880,2.0,48000,1,FLOAT,
/content/sound_project/classes/noise/noise_4__0045__N-10_220929_C_1_b_31000_part_08.wav,noise,1,noise_4.zip,N-10_220929_C_1_b_31000_part_08.wav,noise_4::N-10_220929_C_1_b_31000,2.0,48000,1,FLOAT,
/content/sound_project/classes/noise/noise_4__0046__N-10_220929_C_1_b_30870_part_03.wav,noise,1,noise_4.zip,N-10_220929_C_1_b_30870_part_03.wav,noise_4::N-10_220929_C_1_b_30870,2.0,48000,1,FLOAT,
/content/sound_project/classes/noise/noise_4__0047__N-10_220928_C_1_b_31691_part_03.wav,noise,1,noise_4.zip,N-10_220928_C_1_b_31691_part_03.wav,noise_4::N-10_220928_C_1_b_31691,2.0,48000,1,PCM_24,
/content/sound_project/classes/noise/noise_4__0048__N-10_220929_C_1_b_30870_part_01.wav,noise,1,noise_4.zip,N-10_220929_C_1_b_30870_part_01.wav,noise_4::N-10_220929_C_1_b_30870,2.0,48000,1,FLOAT,
/content/sound_project/classes/noise/noise_4__0049__N-10_220929_C_1_b_30869_part_04.wav,noise,1,noise_4.zip,N-10_220929_C_1_b_30869_part_04.wav,noise_4::N-10_220929_C_1_b_30869,2.0,48000,1,FLOAT,
/content/sound_project/classes/noise/noise_4__0050__N-10_220928_C_1_b_31691_part_02.wav,noise,1,noise_4.zip,N-10_220928_C_1_b_31691_part_02.wav,noise_4::N-10_220928_C_1_b_31691,2.0,48000,1,PCM_24,
/content/sound_project/classes/noise/noise_4__0051__N-10_220929_C_1_b_30999_part_05.wav,noise,1,noise_4.zip,N-10_220929_C_1_b_30999_part_05.wav,noise_4::N-10_220929_C_1_b_30999,2.0,48000,1,FLOAT,
/content/sound_project/classes/noise/noise_4__0052__N-10_220929_C_1_b_30999_part_01.wav,noise,1,noise_4.zip,N-10_220929_C_1_b_30999_part_01.wav,noise_4::N-10_220929_C_1_b_30999,2.0,48000,1,FLOAT,
/content/sound_project/classes/noise/noise_4__0053__N-10_220929_C_1_b_30881_part_05.wav,noise,1,noise_4.zip,N-10_220929_C_1_b_30881_part_05.wav,noise_4::N-10_220929_C_1_b_30881,2.0,48000,1,FLOAT,
/content/sound_project/classes/noise/noise_4__0054__N-10_220929_C_1_b_30882_part_02.wav,noise,1,noise_4.zip,N-10_220929_C_1_b_30882_part_02.wav,noise_4::N-10_220929_C_1_b_30882,2.0,48000,1,FLOAT,
/content/sound_project/classes/noise/noise_4__0055__N-10_220929_C_1_b_30874_part_08.wav,noise,1,noise_4.zip,N-10_220929_C_1_b_30874_part_08.wav,noise_4::N-10_220929_C_1_b_30874,2.0,48000,1,FLOAT,
/content/sound_project/classes/noise/noise_4__0056__N-10_220929_C_1_b_30882_part_07.wav,noise,1,noise_4.zip,N-10_220929_C_1_b_30882_part_07.wav,noise_4::N-10_220929_C_1_b_30882,2.0,48000,1,FLOAT,
/content/sound_project/classes/noise/noise_4__0057__N-10_220929_C_1_b_30875_part_02.wav,noise,1,noise_4.zip,N-10_220929_C_1_b_30875_part_02.wav,noise_4::N-10_220929_C_1_b_30875,2.0,48000,1,FLOAT,
/content/sound_project/classes/noise/noise_4__0058__N-10_220929_C_1_b_30882_part_08.wav,noise,1,noise_4.zip,N-10_220929_C_1_b_30882_part_08.wav,noise_4::N-10_220929_C_1_b_30882,2.0,48000,1,FLOAT,
/content/sound_project/classes/noise/noise_4__0059__N-10_220929_C_1_b_30870_part_07.wav,noise,1,noise_4.zip,N-10_220929_C_1_b_30870_part_07.wav,noise_4::N-10_220929_C_1_b_30870,2.0,48000,1,FLOAT,
/content/sound_project/classes/noise/noise_4__0060__N-10_220929_C_1_b_31000_part_02.wav,noise,1,noise_4.zip,N-10_220929_C_1_b_31000_part_02.wav,noise_4::N-10_220929_C_1_b_31000,2.0,48000,1,FLOAT,
/content/sound_project/classes/noise/noise_4__0061__N-10_220929_C_1_b_30868_part_08.wav,noise,1,noise_4.zip,N-10_220929_C_1_b_30868_part_08.wav,noise_4::N-10_220929_C_1_b_30868,2.0,48000,1,FLOAT,
/content/sound_project/classes/noise/noise_4__0062__N-10_220929_C_1_b_31000_part_01.wav,noise,1,noise_4.zip,N-10_220929_C_1_b_31000_part_01.wav,noise_4::N-10_220929_C_1_b_31000,2.0,48000,1,FLOAT,
/content/sound_project/classes/noise/noise_4__0063__N-10_220929_C_1_b_30998_part_08.wav,noise,1,noise_4.zip,N-10_220929_C_1_b_30998_part_08.wav,noise_4::N-10_220929_C_1_b_30998,2.0,48000,1,FLOAT,
/content/sound_project/classes/noise/noise_4__0064__N-10_220929_C_1_b_30868_part_03.wav,noise,1,noise_4.zip,N-10_220929_C_1_b_30868_part_03.wav,noise_4::N-10_220929_C_1_b_30868,2.0,48000,1,FLOAT,
/content/sound_project/classes/noise/noise_4__0065__N-10_220929_C_1_b_30882_part_04.wav,noise,1,noise_4.zip,N-10_220929_C_1_b_30882_part_04.wav,noise_4::N-10_220929_C_1_b_30882,2.0,48000,1,FLOAT,
/content/sound_project/classes/noise/noise_4__0066__N-10_220928_C_1_b_31691_part_05.wav,noise,1,noise_4.zip,N-10_220928_C_1_b_31691_part_05.wav,noise_4::N-10_220928_C_1_b_31691,2.0,48000,1,PCM_24,
/content/sound_project/classes/noise/noise_4__0067__N-10_220929_C_1_b_30868_part_04.wav,noise,1,noise_4.zip,N-10_220929_C_1_b_30868_part_04.wav,noise_4::N-10_220929_C_1_b_30868,2.0,48000,1,FLOAT,
/content/sound_project/classes/noise/noise_4__0068__N-10_220929_C_1_b_30869_part_08.wav,noise,1,noise_4.zip,N-10_220929_C_1_b_30869_part_08.wav,noise_4::N-10_220929_C_1_b_30869,2.0,48000,1,FLOAT,
/content/sound_project/classes/noise/noise_4__0069__N-10_220929_C_1_b_30879_part_05.wav,noise,1,noise_4.zip,N-10_220929_C_1_b_30879_part_05.wav,noise_4::N-10_220929_C_1_b_30879,2.0,48000,1,FLOAT,
/content/sound_project/classes/noise/noise_4__0070__N-10_220929_C_1_b_30868_part_07.wav,noise,1,noise_4.zip,N-10_220929_C_1_b_30868_part_07.wav,noise_4::N-10_220929_C_1_b_30868,2.0,48000,1,FLOAT,
/content/sound_project/classes/noise/noise_4__0071__N-10_220929_C_1_b_30996_part_08.wav,noise,1,noise_4.zip,N-10_220929_C_1_b_30996_part_08.wav,noise_4::N-10_220929_C_1_b_30996,2.0,48000,1,FLOAT,
/content/sound_project/classes/noise/noise_4__0072__N-10_220929_C_1_b_30872_part_03.wav,noise,1,noise_4.zip,N-10_220929_C_1_b_30872_part_03.wav,noise_4::N-10_220929_C_1_b_30872,2.0,48000,1,FLOAT,
/content/sound_project/classes/noise/noise_4__0073__N-10_220929_C_1_b_30872_part_02.wav,noise,1,noise_4.zip,N-10_220929_C_1_b_30872_part_02.wav,noise_4::N-10_220929_C_1_b_30872,2.0,48000,1,FLOAT,
/content/sound_project/classes/noise/noise_4__0074__N-10_220929_C_1_b_30871_part_08.wav,noise,1,noise_4.zip,N-10_220929_C_1_b_30871_part_08.wav,noise_4::N-10_220929_C_1_b_30871,2.0,48000,1,FLOAT,
/content/sound_project/classes/noise/noise_4__0075__N-10_220929_C_1_b_30878_part_08.wav,noise,1,noise_4.zip,N-10_220929_C_1_b_30878_part_08.wav,noise_4::N-10_220929_C_1_b_30878,2.0,48000,1,FLOAT,
/content/sound_project/classes/noise/noise_4__0076__N-10_220929_C_1_b_30881_part_08.wav,noise,1,noise_4.zip,N-10_220929_C_1_b_30881_part_08.wav,noise_4::N-10_220929_C_1_b_30881,2.0,48000,1,FLOAT,
/content/sound_project/classes/noise/noise_4__0077__N-10_220929_C_1_b_30996_part_07.wav,noise,1,noise_4.zip,N-10_220929_C_1_b_30996_part_07.wav,noise_4::N-10_220929_C_1_b_30996,2.0,48000,1,FLOAT,
/content/sound_project/classes/noise/noise_4__0078__N-10_220929_C_1_b_30998_part_04.wav,noise,1,noise_4.zip,N-10_220929_C_1_b_30998_part_04.wav,noise_4::N-10_220929_C_1_b_30998,2.0,48000,1,FLOAT,
/content/sound_project/classes/noise/noise_4__0079__N-10_220929_C_1_b_30997_part_08.wav,noise,1,noise_4.zip,N-10_220929_C_1_b_30997_part_08.wav,noise_4::N-10_220929_C_1_b_30997,2.0,48000,1,PCM_24,
/content/sound_project/classes/noise/noise_4__0080__N-10_220929_C_1_b_30874_part_05.wav,noise,1,noise_4.zip,N-10_220929_C_1_b_30874_part_05.wav,noise_4::N-10_220929_C_1_b_30874,2.0,48000,1,FLOAT,
/content/sound_project/classes/noise/noise_4__0081__N-10_220929_C_1_b_30878_part_03.wav,noise,1,noise_4.zip,N-10_220929_C_1_b_30878_part_03.wav,noise_4::N-10_220929_C_1_b_30878,2.0,48000,1,FLOAT,
/content/sound_project/classes/noise/noise_4__0082__N-10_220929_C_1_b_30997_part_03.wav,noise,1,noise_4.zip,N-10_220929_C_1_b_30997_part_03.wav,noise_4::N-10_220929_C_1_b_30997,2.0,48000,1,PCM_24,
/content/sound_project/classes/noise/noise_4__0083__N-10_220929_C_1_b_30879_part_01.wav,noise,1,noise_4.zip,N-10_220929_C_1_b_30879_part_01.wav,noise_4::N-10_220929_C_1_b_30879,2.0,48000,1,FLOAT,
/content/sound_project/classes/noise/noise_4__0084__N-10_220929_C_1_b_30880_part_03.wav,noise,1,noise_4.zip,N-10_220929_C_1_b_30880_part_03.wav,noise_4::N-10_220929_C_1_b_30880,2.0,48000,1,FLOAT,
/content/sound_project/classes/noise/noise_4__0085__N-10_220929_C_1_b_30879_part_02.wav,noise,1,noise_4.zip,N-10_220929_C_1_b_30879_part_02.wav,noise_4::N-10_220929_C_1_b_30879,2.0,48000,1,FLOAT,
/content/sound_project/classes/noise/noise_4__0086__N-10_220929_C_1_b_31000_part_05.wav,noise,1,noise_4.zip,N-10_220929_C_1_b_31000_part_05.wav,noise_4::N-10_220929_C_1_b_31000,2.0,48000,1,FLOAT,
/content/sound_project/classes/noise/noise_4__0087__N-10_220929_C_1_b_30881_part_03.wav,noise,1,noise_4.zip,N-10_220929_C_1_b_30881_part_03.wav,noise_4::N-10_220929_C_1_b_30881,2.0,48000,1,FLOAT,
/content/sound_project/classes/noise/noise_4__0088__N-10_220929_C_1_b_30878_part_07.wav,noise,1,noise_4.zip,N-10_220929_C_1_b_30878_part_07.wav,noise_4::N-10_220929_C_1_b_30878,2.0,48000,1,FLOAT,
/content/sound_project/classes/noise/noise_4__0089__N-10_220929_C_1_b_30882_part_03.wav,noise,1,noise_4.zip,N-10_220929_C_1_b_30882_part_03.wav,noise_4::N-10_220929_C_1_b_30882,2.0,48000,1,FLOAT,
/content/sound_project/classes/noise/noise_4__0090__N-10_220929_C_1_b_30876_part_04.wav,noise,1,noise_4.zip,N-10_220929_C_1_b_30876_part_04.wav,noise_4::N-10_220929_C_1_b_30876,2.0,48000,1,FLOAT,
/content/sound_project/classes/noise/noise_4__0091__N-10_220929_C_1_b_30997_part_06.wav,noise,1,noise_4.zip,N-10_220929_C_1_b_30997_part_06.wav,noise_4::N-10_220929_C_1_b_30997,2.0,48000,1,PCM_24,
/content/sound_project/classes/noise/noise_4__0092__N-10_220929_C_1_b_30881_part_07.wav,noise,1,noise_4.zip,N-10_220929_C_1_b_30881_part_07.wav,noise_4::N-10_220929_C_1_b_30881,2.0,48000,1,FLOAT,
/content/sound_project/classes/noise/noise_4__0093__N-10_220929_C_1_b_30874_part_06.wav,noise,1,noise_4.zip,N-10_220929_C_1_b_30874_part_06.wav,noise_4::N-10_220929_C_1_b_30874,2.0,48000,1,FLOAT,
/content/sound_project/classes/noise/noise_4__0094__N-10_220929_C_1_b_30997_part_07.wav,noise,1,noise_4.zip,N-10_220929_C_1_b_30997_part_07.wav,noise_4::N-10_220929_C_1_b_30997,2.0,48000,1,PCM_24,
/content/sound_project/classes/noise/noise_4__0095__N-10_220929_C_1_b_30874_part_03.wav,noise,1,noise_4.zip,N-10_220929_C_1_b_30874_part_03.wav,noise_4::N-10_220929_C_1_b_30874,2.0,48000,1,FLOAT,
/content/sound_project/classes/noise/noise_4__0096__N-10_220929_C_1_b_31000_part_07.wav,noise,1,noise_4.zip,N-10_220929_C_1_b_31000_part_07.wav,noise_4::N-10_220929_C_1_b_31000,2.0,48000,1,FLOAT,
/content/sound_project/classes/noise/noise_4__0097__N-10_220929_C_1_b_30881_part_04.wav,noise,1,noise_4.zip,N-10_220929_C_1_b_30881_part_04.wav,noise_4::N-10_220929_C_1_b_30881,2.0,48000,1,FLOAT,
/content/sound_project/classes/noise/noise_4__0098__N-10_220928_C_1_b_31691_part_06.wav,noise,1,noise_4.zip,N-10_220928_C_1_b_31691_part_06.wav,noise_4::N-10_220928_C_1_b_31691,2.0,48000,1,PCM_24,
/content/sound_project/classes/noise/noise_4__0099__N-10_220929_C_1_b_30876_part_07.wav,noise,1,noise_4.zip,N-10_220929_C_1_b_30876_part_07.wav,noise_4::N-10_220929_C_1_b_30876,2.0,48000,1,FLOAT,
/content/sound_project/classes/noise/noise_4__0100__N-10_220929_C_1_b_30999_part_08.wav,noise,1,noise_4.zip,N-10_220929_C_1_b_30999_part_08.wav,noise_4::N-10_220929_C_1_b_30999,2.0,48000,1,FLOAT,
/content/sound_project/classes/noise/noise_4__0101__N-10_220929_C_1_b_30999_part_06.wav,noise,1,noise_4.zip,N-10_220929_C_1_b_30999_part_06.wav,noise_4::N-10_220929_C_1_b_30999,2.0,48000,1,FLOAT,
/content/sound_project/classes/noise/noise_4__0102__N-10_220929_C_1_b_30999_part_04.wav,noise,1,noise_4.zip,N-10_220929_C_1_b_30999_part_04.wav,noise_4::N-10_220929_C_1_b_30999,2.0,48000,1,FLOAT,
/content/sound_project/classes/noise/noise_4__0103__N-10_220929_C_1_b_30998_part_05.wav,noise,1,noise_4.zip,N-10_220929_C_1_b_30998_part_05.wav,noise_4::N-10_220929_C_1_b_30998,2.0,48000,1,FLOAT,
/content/sound_project/classes/noise/noise_4__0104__N-10_220929_C_1_b_30872_part_08.wav,noise,1,noise_4.zip,N-10_220929_C_1_b_30872_part_08.wav,noise_4::N-10_220929_C_1_b_30872,2.0,48000,1,FLOAT,
/content/sound_project/classes/noise/noise_4__0105__N-10_220929_C_1_b_30878_part_05.wav,noise,1,noise_4.zip,N-10_220929_C_1_b_30878_part_05.wav,noise_4::N-10_220929_C_1_b_30878,2.0,48000,1,FLOAT,
/content/sound_project/classes/noise/noise_4__0106__N-10_220929_C_1_b_30871_part_07.wav,noise,1,noise_4.zip,N-10_220929_C_1_b_30871_part_07.wav,noise_4::N-10_220929_C_1_b_30871,2.0,48000,1,FLOAT,
/content/sound_project/classes/noise/noise_4__0107__N-10_220929_C_1_b_30997_part_02.wav,noise,1,noise_4.zip,N-10_220929_C_1_b_30997_part_02.wav,noise_4::N-10_220929_C_1_b_30997,2.0,48000,1,PCM_24,
/content/sound_project/classes/noise/noise_4__0108__N-10_220929_C_1_b_30998_part_06.wav,noise,1,noise_4.zip,N-10_220929_C_1_b_30998_part_06.wav,noise_4::N-10_220929_C_1_b_30998,2.0,48000,1,FLOAT,
/content/sound_project/classes/noise/noise_4__0109__N-10_220929_C_1_b_30879_part_04.wav,noise,1,noise_4.zip,N-10_220929_C_1_b_30879_part_04.wav,noise_4::N-10_220929_C_1_b_30879,2.0,48000,1,FLOAT,
/content/sound_project/classes/noise/noise_4__0110__N-10_220929_C_1_b_30871_part_02.wav,noise,1,noise_4.zip,N-10_220929_C_1_b_30871_part_02.wav,noise_4::N-10_220929_C_1_b_30871,2.0,48000,1,FLOAT,
/content/sound_project/classes/noise/noise_4__0111__N-10_220929_C_1_b_30880_part_01.wav,noise,1,noise_4.zip,N-10_220929_C_1_b_30880_part_01.wav,noise_4::N-10_220929_C_1_b_30880,2.0,48000,1,FLOAT,
/content/sound_project/classes/noise/noise_4__0112__N-10_220929_C_1_b_30996_part_06.wav,noise,1,noise_4.zip,N-10_220929_C_1_b_30996_part_06.wav,noise_4::N-10_220929_C_1_b_30996,2.0,48000,1,FLOAT,
/content/sound_project/classes/noise/noise_4__0113__N-10_220929_C_1_b_30875_part_03.wav,noise,1,noise_4.zip,N-10_220929_C_1_b_30875_part_03.wav,noise_4::N-10_220929_C_1_b_30875,2.0,48000,1,FLOAT,
/content/sound_project/classes/noise/noise_4__0114__N-10_220929_C_1_b_30998_part_02.wav,noise,1,noise_4.zip,N-10_220929_C_1_b_30998_part_02.wav,noise_4::N-10_220929_C_1_b_30998,2.0,48000,1,FLOAT,
/content/sound_project/classes/noise/noise_4__0115__N-10_220929_C_1_b_30876_part_06.wav,noise,1,noise_4.zip,N-10_220929_C_1_b_30876_part_06.wav,noise_4::N-10_220929_C_1_b_30876,2.0,48000,1,FLOAT,
/content/sound_project/classes/noise/noise_4__0116__N-10_220929_C_1_b_30875_part_07.wav,noise,1,noise_4.zip,N-10_220929_C_1_b_30875_part_07.wav,noise_4::N-10_220929_C_1_b_30875,2.0,48000,1,FLOAT,
/content/sound_project/classes/noise/noise_4__0117__N-10_220929_C_1_b_30868_part_02.wav,noise,1,noise_4.zip,N-10_220929_C_1_b_30868_part_02.wav,noise_4::N-10_220929_C_1_b_30868,2.0,48000,1,FLOAT,
/content/sound_project/classes/noise/noise_4__0118__N-10_220929_C_1_b_30872_part_06.wav,noise,1,noise_4.zip,N-10_220929_C_1_b_30872_part_06.wav,noise_4::N-10_220929_C_1_b_30872,2.0,48000,1,FLOAT,
/content/sound_project/classes/noise/noise_4__0119__N-10_220929_C_1_b_30876_part_08.wav,noise,1,noise_4.zip,N-10_220929_C_1_b_30876_part_08.wav,noise_4::N-10_220929_C_1_b_30876,2.0,48000,1,FLOAT,
/content/sound_project/classes/noise/noise_4__0120__N-10_220929_C_1_b_30869_part_01.wav,noise,1,noise_4.zip,N-10_220929_C_1_b_30869_part_01.wav,noise_4::N-10_220929_C_1_b_30869,2.0,48000,1,FLOAT,
/content/sound_project/classes/noise/noise_4__0121__N-10_220929_C_1_b_30880_part_04.wav,noise,1,noise_4.zip,N-10_220929_C_1_b_30880_part_04.wav,noise_4::N-10_220929_C_1_b_30880,2.0,48000,1,FLOAT,
/content/sound_project/classes/noise/noise_4__0122__N-10_220929_C_1_b_30880_part_07.wav,noise,1,noise_4.zip,N-10_220929_C_1_b_30880_part_07.wav,noise_4::N-10_220929_C_1_b_30880,2.0,48000,1,FLOAT,
/content/sound_project/classes/noise/noise_4__0123__N-10_220929_C_1_b_30998_part_07.wav,noise,1,noise_4.zip,N-10_220929_C_1_b_30998_part_07.wav,noise_4::N-10_220929_C_1_b_30998,2.0,48000,1,FLOAT,
/content/sound_project/classes/noise/noise_4__0124__N-10_220929_C_1_b_30868_part_05.wav,noise,1,noise_4.zip,N-10_220929_C_1_b_30868_part_05.wav,noise_4::N-10_220929_C_1_b_30868,2.0,48000,1,FLOAT,
/content/sound_project/classes/noise/noise_4__0125__N-10_220929_C_1_b_30875_part_05.wav,noise,1,noise_4.zip,N-10_220929_C_1_b_30875_part_05.wav,noise_4::N-10_220929_C_1_b_30875,2.0,48000,1,FLOAT,
/content/sound_project/classes/noise/noise_4__0126__N-10_220929_C_1_b_31000_part_04.wav,noise,1,noise_4.zip,N-10_220929_C_1_b_31000_part_04.wav,noise_4::N-10_220929_C_1_b_31000,2.0,48000,1,FLOAT,
/content/sound_project/classes/noise/noise_4__0127__N-10_220929_C_1_b_30879_part_06.wav,noise,1,noise_4.zip,N-10_220929_C_1_b_30879_part_06.wav,noise_4::N-10_220929_C_1_b_30879,2.0,48000,1,FLOAT,
/content/sound_project/classes/noise/noise_4__0128__N-10_220929_C_1_b_30868_part_01.wav,noise,1,noise_4.zip,N-10_220929_C_1_b_30868_part_01.wav,noise_4::N-10_220929_C_1_b_30868,2.0,48000,1,FLOAT,
/content/sound_project/classes/noise/noise_4__0129__N-10_220929_C_1_b_30998_part_01.wav,noise,1,noise_4.zip,N-10_220929_C_1_b_30998_part_01.wav,noise_4::N-10_220929_C_1_b_30998,2.0,48000,1,FLOAT,
/content/sound_project/classes/noise/noise_4__0130__N-10_220929_C_1_b_30879_part_07.wav,noise,1,noise_4.zip,N-10_220929_C_1_b_30879_part_07.wav,noise_4::N-10_220929_C_1_b_30879,2.0,48000,1,FLOAT,
/content/sound_project/classes/noise/noise_4__0131__N-10_220929_C_1_b_30996_part_02.wav,noise,1,noise_4.zip,N-10_220929_C_1_b_30996_part_02.wav,noise_4::N-10_220929_C_1_b_30996,2.0,48000,1,FLOAT,
/content/sound_project/classes/noise/noise_4__0132__N-10_220929_C_1_b_30997_part_05.wav,noise,1,noise_4.zip,N-10_220929_C_1_b_30997_part_05.wav,noise_4::N-10_220929_C_1_b_30997,2.0,48000,1,PCM_24,
/content/sound_project/classes/noise/noise_4__0133__N-10_220929_C_1_b_30872_part_05.wav,noise,1,noise_4.zip,N-10_220929_C_1_b_30872_part_05.wav,noise_4::N-10_220929_C_1_b_30872,2.0,48000,1,FLOAT,
/content/sound_project/classes/noise/noise_4__0134__N-10_220929_C_1_b_30874_part_04.wav,noise,1,noise_4.zip,N-10_220929_C_1_b_30874_part_04.wav,noise_4::N-10_220929_C_1_b_30874,2.0,48000,1,FLOAT,
/content/sound_project/classes/noise/noise_4__0135__N-10_220929_C_1_b_30875_part_01.wav,noise,1,noise_4.zip,N-10_220929_C_1_b_30875_part_01.wav,noise_4::N-10_220929_C_1_b_30875,2.0,48000,1,FLOAT,
/content/sound_project/classes/noise/noise_4__0136__N-10_220929_C_1_b_30876_part_05.wav,noise,1,noise_4.zip,N-10_220929_C_1_b_30876_part_05.wav,noise_4::N-10_220929_C_1_b_30876,2.0,48000,1,FLOAT,
/content/sound_project/classes/noise/noise_4__0137__N-10_220929_C_1_b_30872_part_04.wav,noise,1,noise_4.zip,N-10_220929_C_1_b_30872_part_04.wav,noise_4::N-10_220929_C_1_b_30872,2.0,48000,1,FLOAT,
/content/sound_project/classes/noise/noise_4__0138__N-10_220929_C_1_b_30875_part_06.wav,noise,1,noise_4.zip,N-10_220929_C_1_b_30875_part_06.wav,noise_4::N-10_220929_C_1_b_30875,2.0,48000,1,FLOAT,
/content/sound_project/classes/noise/noise_4__0139__N-10_220929_C_1_b_30874_part_02.wav,noise,1,noise_4.zip,N-10_220929_C_1_b_30874_part_02.wav,noise_4::N-10_220929_C_1_b_30874,2.0,48000,1,FLOAT,
/content/sound_project/classes/noise/noise_4__0140__N-10_220929_C_1_b_30879_part_03.wav,noise,1,noise_4.zip,N-10_220929_C_1_b_30879_part_03.wav,noise_4::N-10_220929_C_1_b_30879,2.0,48000,1,FLOAT,
/content/sound_project/classes/noise/noise_4__0141__N-10_220929_C_1_b_30880_part_05.wav,noise,1,noise_4.zip,N-10_220929_C_1_b_30880_part_05.wav,noise_4::N-10_220929_C_1_b_30880,2.0,48000,1,FLOAT,
/content/sound_project/classes/noise/noise_4__0142__N-10_220929_C_1_b_30996_part_05.wav,noise,1,noise_4.zip,N-10_220929_C_1_b_30996_part_05.wav,noise_4::N-10_220929_C_1_b_30996,2.0,48000,1,FLOAT,
/content/sound_project/classes/noise/noise_4__0143__N-10_220929_C_1_b_30870_part_05.wav,noise,1,noise_4.zip,N-10_220929_C_1_b_30870_part_05.wav,noise_4::N-10_220929_C_1_b_30870,2.0,48000,1,FLOAT,
/content/sound_project/classes/noise/noise_4__0144__N-10_220928_C_1_b_31691_part_04.wav,noise,1,noise_4.zip,N-10_220928_C_1_b_31691_part_04.wav,noise_4::N-10_220928_C_1_b_31691,2.0,48000,1,PCM_24,
/content/sound_project/classes/noise/noise_4__0145__N-10_220929_C_1_b_30871_part_04.wav,noise,1,noise_4.zip,N-10_220929_C_1_b_30871_part_04.wav,noise_4::N-10_220929_C_1_b_30871,2.0,48000,1,FLOAT,
/content/sound_project/classes/noise/noise_4__0146__N-10_220929_C_1_b_30881_part_02.wav,noise,1,noise_4.zip,N-10_220929_C_1_b_30881_part_02.wav,noise_4::N-10_220929_C_1_b_30881,2.0,48000,1,FLOAT,
/content/sound_project/classes/noise/noise_4__0147__N-10_220929_C_1_b_30882_part_05.wav,noise,1,noise_4.zip,N-10_220929_C_1_b_30882_part_05.wav,noise_4::N-10_220929_C_1_b_30882,2.0,48000,1,FLOAT,
/content/sound_project/classes/noise/noise_4__0148__N-10_220929_C_1_b_30996_part_03.wav,noise,1,noise_4.zip,N-10_220929_C_1_b_30996_part_03.wav,noise_4::N-10_220929_C_1_b_30996,2.0,48000,1,FLOAT,
/content/sound_project/classes/noise/noise_4__0149__N-10_220929_C_1_b_30996_part_04.wav,noise,1,noise_4.zip,N-10_220929_C_1_b_30996_part_04.wav,noise_4::N-10_220929_C_1_b_30996,2.0,48000,1,FLOAT,
/content/sound_project/classes/noise/noise_4__0150__N-10_220929_C_1_b_30880_part_08.wav,noise,1,noise_4.zip,N-10_220929_C_1_b_30880_part_08.wav,noise_4::N-10_220929_C_1_b_30880,2.0,48000,1,FLOAT,
/content/sound_project/classes/noise/noise_4__0151__N-10_220929_C_1_b_30998_part_03.wav,noise,1,noise_4.zip,N-10_220929_C_1_b_30998_part_03.wav,noise_4::N-10_220929_C_1_b_30998,2.0,48000,1,FLOAT,
/content/sound_project/classes/siren/siren_1__0000__1.#Uc790#Ub3d9#Ucc28_11558_1_part001.wav,siren,2,siren_1.zip,1.#Uc790#Ub3d9#Ucc28_11558_1_part001.wav,siren_1::1.#Uc790#Ub3d9#Ucc28_11558_1,1.5433333333333332,44100,1,PCM_16,
/content/sound_project/classes/siren/siren_1__0001__1.#Uc790#Ub3d9#Ucc28_11558_1_part002.wav,siren,2,siren_1.zip,1.#Uc790#Ub3d9#Ucc28_11558_1_part002.wav,siren_1::1.#Uc790#Ub3d9#Ucc28_11558_1,1.5433333333333332,44100,1,PCM_16,
/content/sound_project/classes/siren/siren_1__0002__1.#Uc790#Ub3d9#Ucc28_11558_1_part003.wav,siren,2,siren_1.zip,1.#Uc790#Ub3d9#Ucc28_11558_1_part003.wav,siren_1::1.#Uc790#Ub3d9#Ucc28_11558_1,1.5433333333333332,44100,1,PCM_16,
/content/sound_project/classes/siren/siren_1__0003__1.#Uc790#Ub3d9#Ucc28_11580_1_part001.wav,siren,2,siren_1.zip,1.#Uc790#Ub3d9#Ucc28_11580_1_part001.wav,siren_1::1.#Uc790#Ub3d9#Ucc28_11580_1,1.66,44100,1,PCM_16,
/content/sound_project/classes/siren/siren_1__0004__1.#Uc790#Ub3d9#Ucc28_11580_1_part002.wav,siren,2,siren_1.zip,1.#Uc790#Ub3d9#Ucc28_11580_1_part002.wav,siren_1::1.#Uc790#Ub3d9#Ucc28_11580_1,1.66,44100,1,PCM_16,
/content/sound_project/classes/siren/siren_1__0005__1.#Uc790#Ub3d9#Ucc28_11580_1_part003.wav,siren,2,siren_1.zip,1.#Uc790#Ub3d9#Ucc28_11580_1_part003.wav,siren_1::1.#Uc790#Ub3d9#Ucc28_11580_1,1.66,44100,1,PCM_16,
/content/sound_project/classes/siren/siren_1__0006__1.#Uc790#Ub3d9#Ucc28_11597_1_part001.wav,siren,2,siren_1.zip,1.#Uc790#Ub3d9#Ucc28_11597_1_part001.wav,siren_1::1.#Uc790#Ub3d9#Ucc28_11597_1,1.68,44100,1,PCM_16,
/content/sound_project/classes/siren/siren_1__0007__1.#Uc790#Ub3d9#Ucc28_11597_1_part002.wav,siren,2,siren_1.zip,1.#Uc790#Ub3d9#Ucc28_11597_1_part002.wav,siren_1::1.#Uc790#Ub3d9#Ucc28_11597_1,1.68,44100,1,PCM_16,
/content/sound_project/classes/siren/siren_1__0008__1.#Uc790#Ub3d9#Ucc28_11597_1_part003.wav,siren,2,siren_1.zip,1.#Uc790#Ub3d9#Ucc28_11597_1_part003.wav,siren_1::1.#Uc790#Ub3d9#Ucc28_11597_1,1.68,44100,1,PCM_16,
/content/sound_project/classes/siren/siren_1__0009__1.#Uc790#Ub3d9#Ucc28_11612_1_part001.wav,siren,2,siren_1.zip,1.#Uc790#Ub3d9#Ucc28_11612_1_part001.wav,siren_1::1.#Uc790#Ub3d9#Ucc28_11612_1,1.68,44100,1,PCM_16,
/content/sound_project/classes/siren/siren_1__0010__1.#Uc790#Ub3d9#Ucc28_11612_1_part002.wav,siren,2,siren_1.zip,1.#Uc790#Ub3d9#Ucc28_11612_1_part002.wav,siren_1::1.#Uc790#Ub3d9#Ucc28_11612_1,1.68,44100,1,PCM_16,
/content/sound_project/classes/siren/siren_1__0011__1.#Uc790#Ub3d9#Ucc28_11612_1_part003.wav,siren,2,siren_1.zip,1.#Uc790#Ub3d9#Ucc28_11612_1_part003.wav,siren_1::1.#Uc790#Ub3d9#Ucc28_11612_1,1.68,44100,1,PCM_16,
/content/sound_project/classes/siren/siren_1__0012__1.#Uc790#Ub3d9#Ucc28_11618_1_part001.wav,siren,2,siren_1.zip,1.#Uc790#Ub3d9#Ucc28_11618_1_part001.wav,siren_1::1.#Uc790#Ub3d9#Ucc28_11618_1,1.7933333333333332,44100,1,PCM_16,
/content/sound_project/classes/siren/siren_1__0013__1.#Uc790#Ub3d9#Ucc28_11618_1_part002.wav,siren,2,siren_1.zip,1.#Uc790#Ub3d9#Ucc28_11618_1_part002.wav,siren_1::1.#Uc790#Ub3d9#Ucc28_11618_1,1.7933333333333332,44100,1,PCM_16,
/content/sound_project/classes/siren/siren_1__0014__1.#Uc790#Ub3d9#Ucc28_11618_1_part003.wav,siren,2,siren_1.zip,1.#Uc790#Ub3d9#Ucc28_11618_1_part003.wav,siren_1::1.#Uc790#Ub3d9#Ucc28_11618_1,1.7933333333333332,44100,1,PCM_16,
/content/sound_project/classes/siren/siren_1__0015__1.#Uc790#Ub3d9#Ucc28_11618_1_part004.wav,siren,2,siren_1.zip,1.#Uc790#Ub3d9#Ucc28_11618_1_part004.wav,siren_1::1.#Uc790#Ub3d9#Ucc28_11618_1,1.7933333333333332,44100,1,PCM_16,
/content/sound_project/classes/siren/siren_1__0016__1.#Uc790#Ub3d9#Ucc28_11618_1_part005.wav,siren,2,siren_1.zip,1.#Uc790#Ub3d9#Ucc28_11618_1_part005.wav,siren_1::1.#Uc790#Ub3d9#Ucc28_11618_1,1.7933333333333332,44100,1,PCM_16,
/content/sound_project/classes/siren/siren_1__0017__1.#Uc790#Ub3d9#Ucc28_11618_1_part006.wav,siren,2,siren_1.zip,1.#Uc790#Ub3d9#Ucc28_11618_1_part006.wav,siren_1::1.#Uc790#Ub3d9#Ucc28_11618_1,1.7933333333333332,44100,1,PCM_16,
/content/sound_project/classes/siren/siren_1__0018__1.#Uc790#Ub3d9#Ucc28_11630_1_part001.wav,siren,2,siren_1.zip,1.#Uc790#Ub3d9#Ucc28_11630_1_part001.wav,siren_1::1.#Uc790#Ub3d9#Ucc28_11630_1,1.6566666666666667,44100,1,PCM_16,
/content/sound_project/classes/siren/siren_1__0019__1.#Uc790#Ub3d9#Ucc28_11630_1_part002.wav,siren,2,siren_1.zip,1.#Uc790#Ub3d9#Ucc28_11630_1_part002.wav,siren_1::1.#Uc790#Ub3d9#Ucc28_11630_1,1.6566666666666667,44100,1,PCM_16,
/content/sound_project/classes/siren/siren_1__0020__1.#Uc790#Ub3d9#Ucc28_11630_1_part003.wav,siren,2,siren_1.zip,1.#Uc790#Ub3d9#Ucc28_11630_1_part003.wav,siren_1::1.#Uc790#Ub3d9#Ucc28_11630_1,1.6566666666666667,44100,1,PCM_16,
/content/sound_project/classes/siren/siren_1__0021__1.#Uc790#Ub3d9#Ucc28_11670_1_part001.wav,siren,2,siren_1.zip,1.#Uc790#Ub3d9#Ucc28_11670_1_part001.wav,siren_1::1.#Uc790#Ub3d9#Ucc28_11670_1,1.3366666666666667,44100,1,PCM_16,
/content/sound_project/classes/siren/siren_1__0022__1.#Uc790#Ub3d9#Ucc28_11670_1_part002.wav,siren,2,siren_1.zip,1.#Uc790#Ub3d9#Ucc28_11670_1_part002.wav,siren_1::1.#Uc790#Ub3d9#Ucc28_11670_1,1.3366666666666667,44100,1,PCM_16,
/content/sound_project/classes/siren/siren_1__0023__1.#Uc790#Ub3d9#Ucc28_11670_1_part003.wav,siren,2,siren_1.zip,1.#Uc790#Ub3d9#Ucc28_11670_1_part003.wav,siren_1::1.#Uc790#Ub3d9#Ucc28_11670_1,1.3366666666666667,44100,1,PCM_16,
/content/sound_project/classes/siren/siren_1__0024__1.#Uc790#Ub3d9#Ucc28_11671_1_part001.wav,siren,2,siren_1.zip,1.#Uc790#Ub3d9#Ucc28_11671_1_part001.wav,siren_1::1.#Uc790#Ub3d9#Ucc28_11671_1,1.66,44100,1,PCM_16,
/content/sound_project/classes/siren/siren_1__0025__1.#Uc790#Ub3d9#Ucc28_11671_1_part002.wav,siren,2,siren_1.zip,1.#Uc790#Ub3d9#Ucc28_11671_1_part002.wav,siren_1::1.#Uc790#Ub3d9#Ucc28_11671_1,1.66,44100,1,PCM_16,
/content/sound_project/classes/siren/siren_1__0026__1.#Uc790#Ub3d9#Ucc28_11671_1_part003.wav,siren,2,siren_1.zip,1.#Uc790#Ub3d9#Ucc28_11671_1_part003.wav,siren_1::1.#Uc790#Ub3d9#Ucc28_11671_1,1.66,44100,1,PCM_16,
/content/sound_project/classes/siren/siren_1__0027__1.#Uc790#Ub3d9#Ucc28_11679_1_part001.wav,siren,2,siren_1.zip,1.#Uc790#Ub3d9#Ucc28_11679_1_part001.wav,siren_1::1.#Uc790#Ub3d9#Ucc28_11679_1,1.6633333333333333,44100,1,PCM_16,
/content/sound_project/classes/siren/siren_1__0028__1.#Uc790#Ub3d9#Ucc28_11679_1_part002.wav,siren,2,siren_1.zip,1.#Uc790#Ub3d9#Ucc28_11679_1_part002.wav,siren_1::1.#Uc790#Ub3d9#Ucc28_11679_1,1.6633333333333333,44100,1,PCM_16,
/content/sound_project/classes/siren/siren_1__0029__1.#Uc790#Ub3d9#Ucc28_11679_1_part003.wav,siren,2,siren_1.zip,1.#Uc790#Ub3d9#Ucc28_11679_1_part003.wav,siren_1::1.#Uc790#Ub3d9#Ucc28_11679_1,1.6633333333333333,44100,1,PCM_16,
/content/sound_project/classes/siren/siren_1__0030__1.#Uc790#Ub3d9#Ucc28_11714_1_part001.wav,siren,2,siren_1.zip,1.#Uc790#Ub3d9#Ucc28_11714_1_part001.wav,siren_1::1.#Uc790#Ub3d9#Ucc28_11714_1,1.4,44100,1,PCM_16,
/content/sound_project/classes/siren/siren_1__0031__1.#Uc790#Ub3d9#Ucc28_11714_1_part002.wav,siren,2,siren_1.zip,1.#Uc790#Ub3d9#Ucc28_11714_1_part002.wav,siren_1::1.#Uc790#Ub3d9#Ucc28_11714_1,1.4,44100,1,PCM_16,
/content/sound_project/classes/siren/siren_1__0032__1.#Uc790#Ub3d9#Ucc28_11714_1_part003.wav,siren,2,siren_1.zip,1.#Uc790#Ub3d9#Ucc28_11714_1_part003.wav,siren_1::1.#Uc790#Ub3d9#Ucc28_11714_1,1.4,44100,1,PCM_16,
/content/sound_project/classes/siren/siren_1__0033__1.#Uc790#Ub3d9#Ucc28_11745_1_part001.wav,siren,2,siren_1.zip,1.#Uc790#Ub3d9#Ucc28_11745_1_part001.wav,siren_1::1.#Uc790#Ub3d9#Ucc28_11745_1,1.4090022675736962,44100,1,PCM_16,
/content/sound_project/classes/siren/siren_1__0034__1.#Uc790#Ub3d9#Ucc28_11745_1_part002.wav,siren,2,siren_1.zip,1.#Uc790#Ub3d9#Ucc28_11745_1_part002.wav,siren_1::1.#Uc790#Ub3d9#Ucc28_11745_1,1.4090022675736962,44100,1,PCM_16,
/content/sound_project/classes/siren/siren_1__0035__1.#Uc790#Ub3d9#Ucc28_11745_1_part003.wav,siren,2,siren_1.zip,1.#Uc790#Ub3d9#Ucc28_11745_1_part003.wav,siren_1::1.#Uc790#Ub3d9#Ucc28_11745_1,1.4089795918367347,44100,1,PCM_16,
/content/sound_project/classes/siren/siren_1__0036__1.#Uc790#Ub3d9#Ucc28_11762_1_part001.wav,siren,2,siren_1.zip,1.#Uc790#Ub3d9#Ucc28_11762_1_part001.wav,siren_1::1.#Uc790#Ub3d9#Ucc28_11762_1,1.6616780045351474,44100,1,PCM_16,
/content/sound_project/classes/siren/siren_1__0037__1.#Uc790#Ub3d9#Ucc28_11762_1_part002.wav,siren,2,siren_1.zip,1.#Uc790#Ub3d9#Ucc28_11762_1_part002.wav,siren_1::1.#Uc790#Ub3d9#Ucc28_11762_1,1.661655328798186,44100,1,PCM_16,
/content/sound_project/classes/siren/siren_1__0038__1.#Uc790#Ub3d9#Ucc28_11762_1_part003.wav,siren,2,siren_1.zip,1.#Uc790#Ub3d9#Ucc28_11762_1_part003.wav,siren_1::1.#Uc790#Ub3d9#Ucc28_11762_1,1.661655328798186,44100,1,PCM_16,
/content/sound_project/classes/siren/siren_1__0039__1.#Uc790#Ub3d9#Ucc28_11768_1_part001.wav,siren,2,siren_1.zip,1.#Uc790#Ub3d9#Ucc28_11768_1_part001.wav,siren_1::1.#Uc790#Ub3d9#Ucc28_11768_1,1.6606802721088436,44100,1,PCM_16,
/content/sound_project/classes/siren/siren_1__0040__1.#Uc790#Ub3d9#Ucc28_11768_1_part002.wav,siren,2,siren_1.zip,1.#Uc790#Ub3d9#Ucc28_11768_1_part002.wav,siren_1::1.#Uc790#Ub3d9#Ucc28_11768_1,1.6606575963718821,44100,1,PCM_16,
/content/sound_project/classes/siren/siren_1__0041__1.#Uc790#Ub3d9#Ucc28_11768_1_part003.wav,siren,2,siren_1.zip,1.#Uc790#Ub3d9#Ucc28_11768_1_part003.wav,siren_1::1.#Uc790#Ub3d9#Ucc28_11768_1,1.6606575963718821,44100,1,PCM_16,
/content/sound_project/classes/siren/siren_1__0042__1.#Uc790#Ub3d9#Ucc28_11781_1_part001.wav,siren,2,siren_1.zip,1.#Uc790#Ub3d9#Ucc28_11781_1_part001.wav,siren_1::1.#Uc790#Ub3d9#Ucc28_11781_1,1.659342403628118,44100,1,PCM_16,
/content/sound_project/classes/siren/siren_1__0043__1.#Uc790#Ub3d9#Ucc28_11781_1_part002.wav,siren,2,siren_1.zip,1.#Uc790#Ub3d9#Ucc28_11781_1_part002.wav,siren_1::1.#Uc790#Ub3d9#Ucc28_11781_1,1.6593197278911564,44100,1,PCM_16,
/content/sound_project/classes/siren/siren_1__0044__1.#Uc790#Ub3d9#Ucc28_11781_1_part003.wav,siren,2,siren_1.zip,1.#Uc790#Ub3d9#Ucc28_11781_1_part003.wav,siren_1::1.#Uc790#Ub3d9#Ucc28_11781_1,1.6593197278911564,44100,1,PCM_16,
/content/sound_project/classes/siren/siren_1__0045__1.#Uc790#Ub3d9#Ucc28_11797_1_part001.wav,siren,2,siren_1.zip,1.#Uc790#Ub3d9#Ucc28_11797_1_part001.wav,siren_1::1.#Uc790#Ub3d9#Ucc28_11797_1,1.5919954648526078,44100,1,PCM_16,
/content/sound_project/classes/siren/siren_1__0046__1.#Uc790#Ub3d9#Ucc28_11797_1_part002.wav,siren,2,siren_1.zip,1.#Uc790#Ub3d9#Ucc28_11797_1_part002.wav,siren_1::1.#Uc790#Ub3d9#Ucc28_11797_1,1.5919954648526078,44100,1,PCM_16,
/content/sound_project/classes/siren/siren_1__0047__1.#Uc790#Ub3d9#Ucc28_11819_1_part001.wav,siren,2,siren_1.zip,1.#Uc790#Ub3d9#Ucc28_11819_1_part001.wav,siren_1::1.#Uc790#Ub3d9#Ucc28_11819_1,1.6596598639455782,44100,1,PCM_16,
/content/sound_project/classes/siren/siren_1__0048__1.#Uc790#Ub3d9#Ucc28_11819_1_part002.wav,siren,2,siren_1.zip,1.#Uc790#Ub3d9#Ucc28_11819_1_part002.wav,siren_1::1.#Uc790#Ub3d9#Ucc28_11819_1,1.6596598639455782,44100,1,PCM_16,
/content/sound_project/classes/siren/siren_1__0049__1.#Uc790#Ub3d9#Ucc28_11819_1_part003.wav,siren,2,siren_1.zip,1.#Uc790#Ub3d9#Ucc28_11819_1_part003.wav,siren_1::1.#Uc790#Ub3d9#Ucc28_11819_1,1.6596598639455782,44100,1,PCM_16,
/content/sound_project/classes/siren/siren_1__0050__1.#Uc790#Ub3d9#Ucc28_11846_1_part001.wav,siren,2,siren_1.zip,1.#Uc790#Ub3d9#Ucc28_11846_1_part001.wav,siren_1::1.#Uc790#Ub3d9#Ucc28_11846_1,1.8650113378684807,44100,1,PCM_16,
/content/sound_project/classes/siren/siren_1__0051__1.#Uc790#Ub3d9#Ucc28_11846_1_part002.wav,siren,2,siren_1.zip,1.#Uc790#Ub3d9#Ucc28_11846_1_part002.wav,siren_1::1.#Uc790#Ub3d9#Ucc28_11846_1,1.8650113378684807,44100,1,PCM_16,
/content/sound_project/classes/siren/siren_1__0052__1.#Uc790#Ub3d9#Ucc28_11846_1_part003.wav,siren,2,siren_1.zip,1.#Uc790#Ub3d9#Ucc28_11846_1_part003.wav,siren_1::1.#Uc790#Ub3d9#Ucc28_11846_1,1.8650113378684807,44100,1,PCM_16,
/content/sound_project/classes/siren/siren_1__0053__1.#Uc790#Ub3d9#Ucc28_11846_1_part004.wav,siren,2,siren_1.zip,1.#Uc790#Ub3d9#Ucc28_11846_1_part004.wav,siren_1::1.#Uc790#Ub3d9#Ucc28_11846_1,1.8649886621315193,44100,1,PCM_16,
/content/sound_project/classes/siren/siren_1__0054__1.#Uc790#Ub3d9#Ucc28_11846_1_part005.wav,siren,2,siren_1.zip,1.#Uc790#Ub3d9#Ucc28_11846_1_part005.wav,siren_1::1.#Uc790#Ub3d9#Ucc28_11846_1,1.8649886621315193,44100,1,PCM_16,
/content/sound_project/classes/siren/siren_1__0055__1.#Uc790#Ub3d9#Ucc28_11846_1_part006.wav,siren,2,siren_1.zip,1.#Uc790#Ub3d9#Ucc28_11846_1_part006.wav,siren_1::1.#Uc790#Ub3d9#Ucc28_11846_1,1.8649886621315193,44100,1,PCM_16,
/content/sound_project/classes/siren/siren_1__0056__1.#Uc790#Ub3d9#Ucc28_11846_1_part007.wav,siren,2,siren_1.zip,1.#Uc790#Ub3d9#Ucc28_11846_1_part007.wav,siren_1::1.#Uc790#Ub3d9#Ucc28_11846_1,1.8649886621315193,44100,1,PCM_16,
/content/sound_project/classes/siren/siren_1__0057__1.#Uc790#Ub3d9#Ucc28_11862_1_part001.wav,siren,2,siren_1.zip,1.#Uc790#Ub3d9#Ucc28_11862_1_part001.wav,siren_1::1.#Uc790#Ub3d9#Ucc28_11862_1,1.6850113378684808,44100,1,PCM_16,
/content/sound_project/classes/siren/siren_1__0058__1.#Uc790#Ub3d9#Ucc28_11862_1_part002.wav,siren,2,siren_1.zip,1.#Uc790#Ub3d9#Ucc28_11862_1_part002.wav,siren_1::1.#Uc790#Ub3d9#Ucc28_11862_1,1.6849886621315193,44100,1,PCM_16,
/content/sound_project/classes/siren/siren_1__0059__1.#Uc790#Ub3d9#Ucc28_11867_1_part001.wav,siren,2,siren_1.zip,1.#Uc790#Ub3d9#Ucc28_11867_1_part001.wav,siren_1::1.#Uc790#Ub3d9#Ucc28_11867_1,1.6596598639455782,44100,1,PCM_16,
/content/sound_project/classes/siren/siren_1__0060__1.#Uc790#Ub3d9#Ucc28_11867_1_part002.wav,siren,2,siren_1.zip,1.#Uc790#Ub3d9#Ucc28_11867_1_part002.wav,siren_1::1.#Uc790#Ub3d9#Ucc28_11867_1,1.6596598639455782,44100,1,PCM_16,
/content/sound_project/classes/siren/siren_1__0061__1.#Uc790#Ub3d9#Ucc28_11867_1_part003.wav,siren,2,siren_1.zip,1.#Uc790#Ub3d9#Ucc28_11867_1_part003.wav,siren_1::1.#Uc790#Ub3d9#Ucc28_11867_1,1.6596598639455782,44100,1,PCM_16,
/content/sound_project/classes/siren/siren_1__0062__1.#Uc790#Ub3d9#Ucc28_11880_1_part001.wav,siren,2,siren_1.zip,1.#Uc790#Ub3d9#Ucc28_11880_1_part001.wav,siren_1::1.#Uc790#Ub3d9#Ucc28_11880_1,1.6360090702947845,44100,1,PCM_16,
/content/sound_project/classes/siren/siren_1__0063__1.#Uc790#Ub3d9#Ucc28_11880_1_part002.wav,siren,2,siren_1.zip,1.#Uc790#Ub3d9#Ucc28_11880_1_part002.wav,siren_1::1.#Uc790#Ub3d9#Ucc28_11880_1,1.635986394557823,44100,1,PCM_16,
/content/sound_project/classes/siren/siren_1__0064__1.#Uc790#Ub3d9#Ucc28_11880_1_part003.wav,siren,2,siren_1.zip,1.#Uc790#Ub3d9#Ucc28_11880_1_part003.wav,siren_1::1.#Uc790#Ub3d9#Ucc28_11880_1,1.635986394557823,44100,1,PCM_16,
/content/sound_project/classes/siren/siren_1__0065__1.#Uc790#Ub3d9#Ucc28_11884_1_part001.wav,siren,2,siren_1.zip,1.#Uc790#Ub3d9#Ucc28_11884_1_part001.wav,siren_1::1.#Uc790#Ub3d9#Ucc28_11884_1,1.6370068027210884,44100,1,PCM_16,
/content/sound_project/classes/siren/siren_1__0066__1.#Uc790#Ub3d9#Ucc28_11884_1_part002.wav,siren,2,siren_1.zip,1.#Uc790#Ub3d9#Ucc28_11884_1_part002.wav,siren_1::1.#Uc790#Ub3d9#Ucc28_11884_1,1.6370068027210884,44100,1,PCM_16,
/content/sound_project/classes/siren/siren_1__0067__1.#Uc790#Ub3d9#Ucc28_11884_1_part003.wav,siren,2,siren_1.zip,1.#Uc790#Ub3d9#Ucc28_11884_1_part003.wav,siren_1::1.#Uc790#Ub3d9#Ucc28_11884_1,1.636984126984127,44100,1,PCM_16,
/content/sound_project/classes/siren/siren_1__0068__1.#Uc790#Ub3d9#Ucc28_11886_1_part001.wav,siren,2,siren_1.zip,1.#Uc790#Ub3d9#Ucc28_11886_1_part001.wav,siren_1::1.#Uc790#Ub3d9#Ucc28_11886_1,1.764013605442177,44100,1,PCM_16,
/content/sound_project/classes/siren/siren_1__0069__1.#Uc790#Ub3d9#Ucc28_11886_1_part002.wav,siren,2,siren_1.zip,1.#Uc790#Ub3d9#Ucc28_11886_1_part002.wav,siren_1::1.#Uc790#Ub3d9#Ucc28_11886_1,1.7639909297052154,44100,1,PCM_16,
/content/sound_project/classes/siren/siren_1__0070__1.#Uc790#Ub3d9#Ucc28_11886_1_part003.wav,siren,2,siren_1.zip,1.#Uc790#Ub3d9#Ucc28_11886_1_part003.wav,siren_1::1.#Uc790#Ub3d9#Ucc28_11886_1,1.7639909297052154,44100,1,PCM_16,
/content/sound_project/classes/siren/siren_1__0071__1.#Uc790#Ub3d9#Ucc28_11886_1_part004.wav,siren,2,siren_1.zip,1.#Uc790#Ub3d9#Ucc28_11886_1_part004.wav,siren_1::1.#Uc790#Ub3d9#Ucc28_11886_1,1.7639909297052154,44100,1,PCM_16,
/content/sound_project/classes/siren/siren_1__0072__1.#Uc790#Ub3d9#Ucc28_11892_1_part001.wav,siren,2,siren_1.zip,1.#Uc790#Ub3d9#Ucc28_11892_1_part001.wav,siren_1::1.#Uc790#Ub3d9#Ucc28_11892_1,1.663673469387755,44100,1,PCM_16,
/content/sound_project/classes/siren/siren_1__0073__1.#Uc790#Ub3d9#Ucc28_11892_1_part002.wav,siren,2,siren_1.zip,1.#Uc790#Ub3d9#Ucc28_11892_1_part002.wav,siren_1::1.#Uc790#Ub3d9#Ucc28_11892_1,1.663673469387755,44100,1,PCM_16,
/content/sound_project/classes/siren/siren_1__0074__1.#Uc790#Ub3d9#Ucc28_11892_1_part003.wav,siren,2,siren_1.zip,1.#Uc790#Ub3d9#Ucc28_11892_1_part003.wav,siren_1::1.#Uc790#Ub3d9#Ucc28_11892_1,1.6636507936507936,44100,1,PCM_16,
/content/sound_project/classes/siren/siren_1__0075__1.#Uc790#Ub3d9#Ucc28_11896_1_part001.wav,siren,2,siren_1.zip,1.#Uc790#Ub3d9#Ucc28_11896_1_part001.wav,siren_1::1.#Uc790#Ub3d9#Ucc28_11896_1,1.659342403628118,44100,1,PCM_16,
/content/sound_project/classes/siren/siren_1__0076__1.#Uc790#Ub3d9#Ucc28_11896_1_part002.wav,siren,2,siren_1.zip,1.#Uc790#Ub3d9#Ucc28_11896_1_part002.wav,siren_1::1.#Uc790#Ub3d9#Ucc28_11896_1,1.6593197278911564,44100,1,PCM_16,
/content/sound_project/classes/siren/siren_1__0077__1.#Uc790#Ub3d9#Ucc28_11896_1_part003.wav,siren,2,siren_1.zip,1.#Uc790#Ub3d9#Ucc28_11896_1_part003.wav,siren_1::1.#Uc790#Ub3d9#Ucc28_11896_1,1.6593197278911564,44100,1,PCM_16,
/content/sound_project/classes/siren/siren_1__0078__1.#Uc790#Ub3d9#Ucc28_11906_1_part001.wav,siren,2,siren_1.zip,1.#Uc790#Ub3d9#Ucc28_11906_1_part001.wav,siren_1::1.#Uc790#Ub3d9#Ucc28_11906_1,1.6503401360544219,44100,1,PCM_16,
/content/sound_project/classes/siren/siren_1__0079__1.#Uc790#Ub3d9#Ucc28_11906_1_part002.wav,siren,2,siren_1.zip,1.#Uc790#Ub3d9#Ucc28_11906_1_part002.wav,siren_1::1.#Uc790#Ub3d9#Ucc28_11906_1,1.6503401360544219,44100,1,PCM_16,
/content/sound_project/classes/siren/siren_1__0080__1.#Uc790#Ub3d9#Ucc28_11906_1_part003.wav,siren,2,siren_1.zip,1.#Uc790#Ub3d9#Ucc28_11906_1_part003.wav,siren_1::1.#Uc790#Ub3d9#Ucc28_11906_1,1.6503174603174604,44100,1,PCM_16,
/content/sound_project/classes/siren/siren_1__0081__1.#Uc790#Ub3d9#Ucc28_11910_1_part001.wav,siren,2,siren_1.zip,1.#Uc790#Ub3d9#Ucc28_11910_1_part001.wav,siren_1::1.#Uc790#Ub3d9#Ucc28_11910_1,1.6212471655328797,44100,1,PCM_16,
/content/sound_project/classes/siren/siren_1__0082__1.#Uc790#Ub3d9#Ucc28_11910_1_part002.wav,siren,2,siren_1.zip,1.#Uc790#Ub3d9#Ucc28_11910_1_part002.wav,siren_1::1.#Uc790#Ub3d9#Ucc28_11910_1,1.6212471655328797,44100,1,PCM_16,
/content/sound_project/classes/siren/siren_1__0083__1.#Uc790#Ub3d9#Ucc28_11910_1_part003.wav,siren,2,siren_1.zip,1.#Uc790#Ub3d9#Ucc28_11910_1_part003.wav,siren_1::1.#Uc790#Ub3d9#Ucc28_11910_1,1.6212471655328797,44100,1,PCM_16,
/content/sound_project/classes/siren/siren_1__0084__1.#Uc790#Ub3d9#Ucc28_11910_1_part004.wav,siren,2,siren_1.zip,1.#Uc790#Ub3d9#Ucc28_11910_1_part004.wav,siren_1::1.#Uc790#Ub3d9#Ucc28_11910_1,1.6212471655328797,44100,1,PCM_16,
/content/sound_project/classes/siren/siren_1__0085__1.#Uc790#Ub3d9#Ucc28_11917_1_part001.wav,siren,2,siren_1.zip,1.#Uc790#Ub3d9#Ucc28_11917_1_part001.wav,siren_1::1.#Uc790#Ub3d9#Ucc28_11917_1,1.6718367346938776,44100,1,PCM_16,
/content/sound_project/classes/siren/siren_1__0086__1.#Uc790#Ub3d9#Ucc28_11917_1_part002.wav,siren,2,siren_1.zip,1.#Uc790#Ub3d9#Ucc28_11917_1_part002.wav,siren_1::1.#Uc790#Ub3d9#Ucc28_11917_1,1.6718367346938776,44100,1,PCM_16,
/content/sound_project/classes/siren/siren_1__0087__1.#Uc790#Ub3d9#Ucc28_11917_1_part003.wav,siren,2,siren_1.zip,1.#Uc790#Ub3d9#Ucc28_11917_1_part003.wav,siren_1::1.#Uc790#Ub3d9#Ucc28_11917_1,1.6718367346938776,44100,1,PCM_16,
/content/sound_project/classes/siren/siren_1__0088__1.#Uc790#Ub3d9#Ucc28_11917_1_part004.wav,siren,2,siren_1.zip,1.#Uc790#Ub3d9#Ucc28_11917_1_part004.wav,siren_1::1.#Uc790#Ub3d9#Ucc28_11917_1,1.6718367346938776,44100,1,PCM_16,
/content/sound_project/classes/siren/siren_1__0089__1.#Uc790#Ub3d9#Ucc28_11917_1_part005.wav,siren,2,siren_1.zip,1.#Uc790#Ub3d9#Ucc28_11917_1_part005.wav,siren_1::1.#Uc790#Ub3d9#Ucc28_11917_1,1.6718367346938776,44100,1,PCM_16,
/content/sound_project/classes/siren/siren_1__0090__1.#Uc790#Ub3d9#Ucc28_11917_1_part006.wav,siren,2,siren_1.zip,1.#Uc790#Ub3d9#Ucc28_11917_1_part006.wav,siren_1::1.#Uc790#Ub3d9#Ucc28_11917_1,1.6718140589569161,44100,1,PCM_16,
/content/sound_project/classes/siren/siren_1__0091__1.#Uc790#Ub3d9#Ucc28_11922_1_part001.wav,siren,2,siren_1.zip,1.#Uc790#Ub3d9#Ucc28_11922_1_part001.wav,siren_1::1.#Uc790#Ub3d9#Ucc28_11922_1,1.6643310657596373,44100,1,PCM_16,
/content/sound_project/classes/siren/siren_1__0092__1.#Uc790#Ub3d9#Ucc28_11922_1_part002.wav,siren,2,siren_1.zip,1.#Uc790#Ub3d9#Ucc28_11922_1_part002.wav,siren_1::1.#Uc790#Ub3d9#Ucc28_11922_1,1.6643310657596373,44100,1,PCM_16,
/content/sound_project/classes/siren/siren_1__0093__1.#Uc790#Ub3d9#Ucc28_11922_1_part003.wav,siren,2,siren_1.zip,1.#Uc790#Ub3d9#Ucc28_11922_1_part003.wav,siren_1::1.#Uc790#Ub3d9#Ucc28_11922_1,1.6643310657596373,44100,1,PCM_16,
/content/sound_project/classes/siren/siren_1__0094__1.#Uc790#Ub3d9#Ucc28_11944_1_part001.wav,siren,2,siren_1.zip,1.#Uc790#Ub3d9#Ucc28_11944_1_part001.wav,siren_1::1.#Uc790#Ub3d9#Ucc28_11944_1,1.338344671201814,44100,1,PCM_16,
/content/sound_project/classes/siren/siren_1__0095__1.#Uc790#Ub3d9#Ucc28_11944_1_part002.wav,siren,2,siren_1.zip,1.#Uc790#Ub3d9#Ucc28_11944_1_part002.wav,siren_1::1.#Uc790#Ub3d9#Ucc28_11944_1,1.3383219954648526,44100,1,PCM_16,
/content/sound_project/classes/siren/siren_1__0096__1.#Uc790#Ub3d9#Ucc28_11944_1_part003.wav,siren,2,siren_1.zip,1.#Uc790#Ub3d9#Ucc28_11944_1_part003.wav,siren_1::1.#Uc790#Ub3d9#Ucc28_11944_1,1.3383219954648526,44100,1,PCM_16,
/content/sound_project/classes/siren/siren_1__0097__1.#Uc790#Ub3d9#Ucc28_11952_1_part001.wav,siren,2,siren_1.zip,1.#Uc790#Ub3d9#Ucc28_11952_1_part001.wav,siren_1::1.#Uc790#Ub3d9#Ucc28_11952_1,1.6523356009070296,44100,1,PCM_16,
/content/sound_project/classes/siren/siren_1__0098__1.#Uc790#Ub3d9#Ucc28_11952_1_part002.wav,siren,2,siren_1.zip,1.#Uc790#Ub3d9#Ucc28_11952_1_part002.wav,siren_1::1.#Uc790#Ub3d9#Ucc28_11952_1,1.6523356009070296,44100,1,PCM_16,
/content/sound_project/classes/siren/siren_1__0099__1.#Uc790#Ub3d9#Ucc28_11952_1_part003.wav,siren,2,siren_1.zip,1.#Uc790#Ub3d9#Ucc28_11952_1_part003.wav,siren_1::1.#Uc790#Ub3d9#Ucc28_11952_1,1.6523129251700681,44100,1,PCM_16,
/content/sound_project/classes/siren/siren_1__0100__1.#Uc790#Ub3d9#Ucc28_11957_1_part001.wav,siren,2,siren_1.zip,1.#Uc790#Ub3d9#Ucc28_11957_1_part001.wav,siren_1::1.#Uc790#Ub3d9#Ucc28_11957_1,1.6813378684807256,44100,1,PCM_16,
/content/sound_project/classes/siren/siren_1__0101__1.#Uc790#Ub3d9#Ucc28_11957_1_part002.wav,siren,2,siren_1.zip,1.#Uc790#Ub3d9#Ucc28_11957_1_part002.wav,siren_1::1.#Uc790#Ub3d9#Ucc28_11957_1,1.6813378684807256,44100,1,PCM_16,
/content/sound_project/classes/siren/siren_1__0102__1.#Uc790#Ub3d9#Ucc28_11957_1_part003.wav,siren,2,siren_1.zip,1.#Uc790#Ub3d9#Ucc28_11957_1_part003.wav,siren_1::1.#Uc790#Ub3d9#Ucc28_11957_1,1.6813151927437642,44100,1,PCM_16,
/content/sound_project/classes/siren/siren_1__0103__1.#Uc790#Ub3d9#Ucc28_11960_1_part001.wav,siren,2,siren_1.zip,1.#Uc790#Ub3d9#Ucc28_11960_1_part001.wav,siren_1::1.#Uc790#Ub3d9#Ucc28_11960_1,1.6466666666666667,44100,1,PCM_16,
/content/sound_project/classes/siren/siren_1__0104__1.#Uc790#Ub3d9#Ucc28_11960_1_part002.wav,siren,2,siren_1.zip,1.#Uc790#Ub3d9#Ucc28_11960_1_part002.wav,siren_1::1.#Uc790#Ub3d9#Ucc28_11960_1,1.6466666666666667,44100,1,PCM_16,
/content/sound_project/classes/siren/siren_1__0105__1.#Uc790#Ub3d9#Ucc28_11960_1_part003.wav,siren,2,siren_1.zip,1.#Uc790#Ub3d9#Ucc28_11960_1_part003.wav,siren_1::1.#Uc790#Ub3d9#Ucc28_11960_1,1.6466439909297053,44100,1,PCM_16,
/content/sound_project/classes/siren/siren_1__0106__1.#Uc790#Ub3d9#Ucc28_11998_1_part001.wav,siren,2,siren_1.zip,1.#Uc790#Ub3d9#Ucc28_11998_1_part001.wav,siren_1::1.#Uc790#Ub3d9#Ucc28_11998_1,1.6666666666666667,44100,1,PCM_16,
/content/sound_project/classes/siren/siren_1__0107__1.#Uc790#Ub3d9#Ucc28_11998_1_part002.wav,siren,2,siren_1.zip,1.#Uc790#Ub3d9#Ucc28_11998_1_part002.wav,siren_1::1.#Uc790#Ub3d9#Ucc28_11998_1,1.6666666666666667,44100,1,PCM_16,
/content/sound_project/classes/siren/siren_1__0108__1.#Uc790#Ub3d9#Ucc28_11998_1_part003.wav,siren,2,siren_1.zip,1.#Uc790#Ub3d9#Ucc28_11998_1_part003.wav,siren_1::1.#Uc790#Ub3d9#Ucc28_11998_1,1.6666666666666667,44100,1,PCM_16,
/content/sound_project/classes/siren/siren_1__0109__1.#Uc790#Ub3d9#Ucc28_12042_1_part001.wav,siren,2,siren_1.zip,1.#Uc790#Ub3d9#Ucc28_12042_1_part001.wav,siren_1::1.#Uc790#Ub3d9#Ucc28_12042_1,1.659342403628118,44100,1,PCM_16,
/content/sound_project/classes/siren/siren_1__0110__1.#Uc790#Ub3d9#Ucc28_12042_1_part002.wav,siren,2,siren_1.zip,1.#Uc790#Ub3d9#Ucc28_12042_1_part002.wav,siren_1::1.#Uc790#Ub3d9#Ucc28_12042_1,1.6593197278911564,44100,1,PCM_16,
/content/sound_project/classes/siren/siren_1__0111__1.#Uc790#Ub3d9#Ucc28_12042_1_part003.wav,siren,2,siren_1.zip,1.#Uc790#Ub3d9#Ucc28_12042_1_part003.wav,siren_1::1.#Uc790#Ub3d9#Ucc28_12042_1,1.6593197278911564,44100,1,PCM_16,
/content/sound_project/classes/siren/siren_1__0112__1.#Uc790#Ub3d9#Ucc28_12043_1_part001.wav,siren,2,siren_1.zip,1.#Uc790#Ub3d9#Ucc28_12043_1_part001.wav,siren_1::1.#Uc790#Ub3d9#Ucc28_12043_1,1.5823356009070295,44100,1,PCM_16,
/content/sound_project/classes/siren/siren_1__0113__1.#Uc790#Ub3d9#Ucc28_12043_1_part002.wav,siren,2,siren_1.zip,1.#Uc790#Ub3d9#Ucc28_12043_1_part002.wav,siren_1::1.#Uc790#Ub3d9#Ucc28_12043_1,1.5823356009070295,44100,1,PCM_16,
/content/sound_project/classes/siren/siren_1__0114__1.#Uc790#Ub3d9#Ucc28_12043_1_part003.wav,siren,2,siren_1.zip,1.#Uc790#Ub3d9#Ucc28_12043_1_part003.wav,siren_1::1.#Uc790#Ub3d9#Ucc28_12043_1,1.582312925170068,44100,1,PCM_16,
/content/sound_project/classes/siren/siren_1__0115__1.#Uc790#Ub3d9#Ucc28_12047_1_part001.wav,siren,2,siren_1.zip,1.#Uc790#Ub3d9#Ucc28_12047_1_part001.wav,siren_1::1.#Uc790#Ub3d9#Ucc28_12047_1,1.6026303854875283,22050,1,PCM_16,
/content/sound_project/classes/siren/siren_1__0116__1.#Uc790#Ub3d9#Ucc28_12047_1_part002.wav,siren,2,siren_1.zip,1.#Uc790#Ub3d9#Ucc28_12047_1_part002.wav,siren_1::1.#Uc790#Ub3d9#Ucc28_12047_1,1.6025850340136054,22050,1,PCM_16,
/content/sound_project/classes/siren/siren_1__0117__1.#Uc790#Ub3d9#Ucc28_12047_1_part003.wav,siren,2,siren_1.zip,1.#Uc790#Ub3d9#Ucc28_12047_1_part003.wav,siren_1::1.#Uc790#Ub3d9#Ucc28_12047_1,1.6025850340136054,22050,1,PCM_16,
/content/sound_project/classes/siren/siren_1__0118__1.#Uc790#Ub3d9#Ucc28_12047_1_part004.wav,siren,2,siren_1.zip,1.#Uc790#Ub3d9#Ucc28_12047_1_part004.wav,siren_1::1.#Uc790#Ub3d9#Ucc28_12047_1,1.6025850340136054,22050,1,PCM_16,
/content/sound_project/classes/siren/siren_1__0119__1.#Uc790#Ub3d9#Ucc28_12047_1_part005.wav,siren,2,siren_1.zip,1.#Uc790#Ub3d9#Ucc28_12047_1_part005.wav,siren_1::1.#Uc790#Ub3d9#Ucc28_12047_1,1.6025850340136054,22050,1,PCM_16,
/content/sound_project/classes/siren/siren_1__0120__1.#Uc790#Ub3d9#Ucc28_12048_1_part001.wav,siren,2,siren_1.zip,1.#Uc790#Ub3d9#Ucc28_12048_1_part001.wav,siren_1::1.#Uc790#Ub3d9#Ucc28_12048_1,1.7429931972789117,44100,1,PCM_16,
/content/sound_project/classes/siren/siren_1__0121__1.#Uc790#Ub3d9#Ucc28_12048_1_part002.wav,siren,2,siren_1.zip,1.#Uc790#Ub3d9#Ucc28_12048_1_part002.wav,siren_1::1.#Uc790#Ub3d9#Ucc28_12048_1,1.7429931972789117,44100,1,PCM_16,
/content/sound_project/classes/siren/siren_1__0122__1.#Uc790#Ub3d9#Ucc28_12056_1_part001.wav,siren,2,siren_1.zip,1.#Uc790#Ub3d9#Ucc28_12056_1_part001.wav,siren_1::1.#Uc790#Ub3d9#Ucc28_12056_1,1.6523356009070296,44100,1,PCM_16,
/content/sound_project/classes/siren/siren_1__0123__1.#Uc790#Ub3d9#Ucc28_12056_1_part002.wav,siren,2,siren_1.zip,1.#Uc790#Ub3d9#Ucc28_12056_1_part002.wav,siren_1::1.#Uc790#Ub3d9#Ucc28_12056_1,1.6523356009070296,44100,1,PCM_16,
/content/sound_project/classes/siren/siren_1__0124__1.#Uc790#Ub3d9#Ucc28_12056_1_part003.wav,siren,2,siren_1.zip,1.#Uc790#Ub3d9#Ucc28_12056_1_part003.wav,siren_1::1.#Uc790#Ub3d9#Ucc28_12056_1,1.6523129251700681,44100,1,PCM_16,
/content/sound_project/classes/siren/siren_1__0125__1.#Uc790#Ub3d9#Ucc28_12063_1_part001.wav,siren,2,siren_1.zip,1.#Uc790#Ub3d9#Ucc28_12063_1_part001.wav,siren_1::1.#Uc790#Ub3d9#Ucc28_12063_1,1.663673469387755,22050,1,PCM_16,
/content/sound_project/classes/siren/siren_1__0126__1.#Uc790#Ub3d9#Ucc28_12063_1_part002.wav,siren,2,siren_1.zip,1.#Uc790#Ub3d9#Ucc28_12063_1_part002.wav,siren_1::1.#Uc790#Ub3d9#Ucc28_12063_1,1.663673469387755,22050,1,PCM_16,
/content/sound_project/classes/siren/siren_1__0127__1.#Uc790#Ub3d9#Ucc28_12063_1_part003.wav,siren,2,siren_1.zip,1.#Uc790#Ub3d9#Ucc28_12063_1_part003.wav,siren_1::1.#Uc790#Ub3d9#Ucc28_12063_1,1.6636281179138321,22050,1,PCM_16,
/content/sound_project/classes/siren/siren_1__0128__1.#Uc790#Ub3d9#Ucc28_12067_1_part001.wav,siren,2,siren_1.zip,1.#Uc790#Ub3d9#Ucc28_12067_1_part001.wav,siren_1::1.#Uc790#Ub3d9#Ucc28_12067_1,1.6803401360544217,44100,1,PCM_16,
/content/sound_project/classes/siren/siren_1__0129__1.#Uc790#Ub3d9#Ucc28_12067_1_part002.wav,siren,2,siren_1.zip,1.#Uc790#Ub3d9#Ucc28_12067_1_part002.wav,siren_1::1.#Uc790#Ub3d9#Ucc28_12067_1,1.6803401360544217,44100,1,PCM_16,
/content/sound_project/classes/siren/siren_1__0130__1.#Uc790#Ub3d9#Ucc28_12067_1_part003.wav,siren,2,siren_1.zip,1.#Uc790#Ub3d9#Ucc28_12067_1_part003.wav,siren_1::1.#Uc790#Ub3d9#Ucc28_12067_1,1.6803174603174602,44100,1,PCM_16,
/content/sound_project/classes/siren/siren_1__0131__1.#Uc790#Ub3d9#Ucc28_12070_1_part001.wav,siren,2,siren_1.zip,1.#Uc790#Ub3d9#Ucc28_12070_1_part001.wav,siren_1::1.#Uc790#Ub3d9#Ucc28_12070_1,1.3890022675736962,44100,1,PCM_16,
/content/sound_project/classes/siren/siren_1__0132__1.#Uc790#Ub3d9#Ucc28_12070_1_part002.wav,siren,2,siren_1.zip,1.#Uc790#Ub3d9#Ucc28_12070_1_part002.wav,siren_1::1.#Uc790#Ub3d9#Ucc28_12070_1,1.3890022675736962,44100,1,PCM_16,
/content/sound_project/classes/siren/siren_1__0133__1.#Uc790#Ub3d9#Ucc28_12070_1_part003.wav,siren,2,siren_1.zip,1.#Uc790#Ub3d9#Ucc28_12070_1_part003.wav,siren_1::1.#Uc790#Ub3d9#Ucc28_12070_1,1.3889795918367347,44100,1,PCM_16,
/content/sound_project/classes/siren/siren_1__0134__1.#Uc790#Ub3d9#Ucc28_12082_1_part001.wav,siren,2,siren_1.zip,1.#Uc790#Ub3d9#Ucc28_12082_1_part001.wav,siren_1::1.#Uc790#Ub3d9#Ucc28_12082_1,1.6256689342403627,44100,1,PCM_16,
/content/sound_project/classes/siren/siren_1__0135__1.#Uc790#Ub3d9#Ucc28_12082_1_part002.wav,siren,2,siren_1.zip,1.#Uc790#Ub3d9#Ucc28_12082_1_part002.wav,siren_1::1.#Uc790#Ub3d9#Ucc28_12082_1,1.6256689342403627,44100,1,PCM_16,
/content/sound_project/classes/siren/siren_1__0136__1.#Uc790#Ub3d9#Ucc28_12082_1_part003.wav,siren,2,siren_1.zip,1.#Uc790#Ub3d9#Ucc28_12082_1_part003.wav,siren_1::1.#Uc790#Ub3d9#Ucc28_12082_1,1.6256462585034013,44100,1,PCM_16,
/content/sound_project/classes/siren/siren_1__0137__1.#Uc790#Ub3d9#Ucc28_12090_1_part001.wav,siren,2,siren_1.zip,1.#Uc790#Ub3d9#Ucc28_12090_1_part001.wav,siren_1::1.#Uc790#Ub3d9#Ucc28_12090_1,1.7862585034013605,44100,1,PCM_16,
/content/sound_project/classes/siren/siren_1__0138__1.#Uc790#Ub3d9#Ucc28_12090_1_part002.wav,siren,2,siren_1.zip,1.#Uc790#Ub3d9#Ucc28_12090_1_part002.wav,siren_1::1.#Uc790#Ub3d9#Ucc28_12090_1,1.7862585034013605,44100,1,PCM_16,
/content/sound_project/classes/siren/siren_1__0139__1.#Uc790#Ub3d9#Ucc28_12090_1_part003.wav,siren,2,siren_1.zip,1.#Uc790#Ub3d9#Ucc28_12090_1_part003.wav,siren_1::1.#Uc790#Ub3d9#Ucc28_12090_1,1.786235827664399,44100,1,PCM_16,
/content/sound_project/classes/siren/siren_1__0140__1.#Uc790#Ub3d9#Ucc28_12090_1_part004.wav,siren,2,siren_1.zip,1.#Uc790#Ub3d9#Ucc28_12090_1_part004.wav,siren_1::1.#Uc790#Ub3d9#Ucc28_12090_1,1.786235827664399,44100,1,PCM_16,
/content/sound_project/classes/siren/siren_1__0141__1.#Uc790#Ub3d9#Ucc28_12091_1_part001.wav,siren,2,siren_1.zip,1.#Uc790#Ub3d9#Ucc28_12091_1_part001.wav,siren_1::1.#Uc790#Ub3d9#Ucc28_12091_1,1.6619954648526076,44100,1,PCM_16,
/content/sound_project/classes/siren/siren_1__0142__1.#Uc790#Ub3d9#Ucc28_12091_1_part002.wav,siren,2,siren_1.zip,1.#Uc790#Ub3d9#Ucc28_12091_1_part002.wav,siren_1::1.#Uc790#Ub3d9#Ucc28_12091_1,1.6619954648526076,44100,1,PCM_16,
/content/sound_project/classes/siren/siren_1__0143__1.#Uc790#Ub3d9#Ucc28_12091_1_part003.wav,siren,2,siren_1.zip,1.#Uc790#Ub3d9#Ucc28_12091_1_part003.wav,siren_1::1.#Uc790#Ub3d9#Ucc28_12091_1,1.6619954648526076,44100,1,PCM_16,
/content/sound_project/classes/siren/siren_1__0144__1.#Uc790#Ub3d9#Ucc28_12099_1_part001.wav,siren,2,siren_1.zip,1.#Uc790#Ub3d9#Ucc28_12099_1_part001.wav,siren_1::1.#Uc790#Ub3d9#Ucc28_12099_1,1.6666666666666667,44100,1,PCM_16,
/content/sound_project/classes/siren/siren_1__0145__1.#Uc790#Ub3d9#Ucc28_12099_1_part002.wav,siren,2,siren_1.zip,1.#Uc790#Ub3d9#Ucc28_12099_1_part002.wav,siren_1::1.#Uc790#Ub3d9#Ucc28_12099_1,1.6666666666666667,44100,1,PCM_16,
/content/sound_project/classes/siren/siren_1__0146__1.#Uc790#Ub3d9#Ucc28_12099_1_part003.wav,siren,2,siren_1.zip,1.#Uc790#Ub3d9#Ucc28_12099_1_part003.wav,siren_1::1.#Uc790#Ub3d9#Ucc28_12099_1,1.6666666666666667,44100,1,PCM_16,
/content/sound_project/classes/siren/siren_1__0147__1.#Uc790#Ub3d9#Ucc28_12108_1_part001.wav,siren,2,siren_1.zip,1.#Uc790#Ub3d9#Ucc28_12108_1_part001.wav,siren_1::1.#Uc790#Ub3d9#Ucc28_12108_1,1.6670068027210885,44100,1,PCM_16,
/content/sound_project/classes/siren/siren_1__0148__1.#Uc790#Ub3d9#Ucc28_12108_1_part002.wav,siren,2,siren_1.zip,1.#Uc790#Ub3d9#Ucc28_12108_1_part002.wav,siren_1::1.#Uc790#Ub3d9#Ucc28_12108_1,1.6670068027210885,44100,1,PCM_16,
/content/sound_project/classes/siren/siren_1__0149__1.#Uc790#Ub3d9#Ucc28_12108_1_part003.wav,siren,2,siren_1.zip,1.#Uc790#Ub3d9#Ucc28_12108_1_part003.wav,siren_1::1.#Uc790#Ub3d9#Ucc28_12108_1,1.666984126984127,44100,1,PCM_16,
/content/sound_project/classes/siren/siren_1__0150__1.#Uc790#Ub3d9#Ucc28_12123_1_part001.wav,siren,2,siren_1.zip,1.#Uc790#Ub3d9#Ucc28_12123_1_part001.wav,siren_1::1.#Uc790#Ub3d9#Ucc28_12123_1,1.6623356009070296,44100,1,PCM_16,
/content/sound_project/classes/siren/siren_1__0151__1.#Uc790#Ub3d9#Ucc28_12123_1_part002.wav,siren,2,siren_1.zip,1.#Uc790#Ub3d9#Ucc28_12123_1_part002.wav,siren_1::1.#Uc790#Ub3d9#Ucc28_12123_1,1.6623356009070296,44100,1,PCM_16,
/content/sound_project/classes/siren/siren_1__0152__1.#Uc790#Ub3d9#Ucc28_12123_1_part003.wav,siren,2,siren_1.zip,1.#Uc790#Ub3d9#Ucc28_12123_1_part003.wav,siren_1::1.#Uc790#Ub3d9#Ucc28_12123_1,1.6623129251700681,44100,1,PCM_16,
/content/sound_project/classes/siren/siren_1__0153__1.#Uc790#Ub3d9#Ucc28_12126_1_part001.wav,siren,2,siren_1.zip,1.#Uc790#Ub3d9#Ucc28_12126_1_part001.wav,siren_1::1.#Uc790#Ub3d9#Ucc28_12126_1,1.6570068027210885,44100,1,PCM_16,
/content/sound_project/classes/siren/siren_1__0154__1.#Uc790#Ub3d9#Ucc28_12126_1_part002.wav,siren,2,siren_1.zip,1.#Uc790#Ub3d9#Ucc28_12126_1_part002.wav,siren_1::1.#Uc790#Ub3d9#Ucc28_12126_1,1.6570068027210885,44100,1,PCM_16,
/content/sound_project/classes/siren/siren_1__0155__1.#Uc790#Ub3d9#Ucc28_12126_1_part003.wav,siren,2,siren_1.zip,1.#Uc790#Ub3d9#Ucc28_12126_1_part003.wav,siren_1::1.#Uc790#Ub3d9#Ucc28_12126_1,1.656984126984127,44100,1,PCM_16,
/content/sound_project/classes/siren/siren_1__0156__1.#Uc790#Ub3d9#Ucc28_12128_1_part001.wav,siren,2,siren_1.zip,1.#Uc790#Ub3d9#Ucc28_12128_1_part001.wav,siren_1::1.#Uc790#Ub3d9#Ucc28_12128_1,1.659342403628118,44100,1,PCM_16,
/content/sound_project/classes/siren/siren_1__0157__1.#Uc790#Ub3d9#Ucc28_12128_1_part002.wav,siren,2,siren_1.zip,1.#Uc790#Ub3d9#Ucc28_12128_1_part002.wav,siren_1::1.#Uc790#Ub3d9#Ucc28_12128_1,1.6593197278911564,44100,1,PCM_16,
/content/sound_project/classes/siren/siren_1__0158__1.#Uc790#Ub3d9#Ucc28_12128_1_part003.wav,siren,2,siren_1.zip,1.#Uc790#Ub3d9#Ucc28_12128_1_part003.wav,siren_1::1.#Uc790#Ub3d9#Ucc28_12128_1,1.6593197278911564,44100,1,PCM_16,
/content/sound_project/classes/siren/siren_1__0159__1.#Uc790#Ub3d9#Ucc28_12148_1_part001.wav,siren,2,siren_1.zip,1.#Uc790#Ub3d9#Ucc28_12148_1_part001.wav,siren_1::1.#Uc790#Ub3d9#Ucc28_12148_1,1.603673469387755,44100,1,PCM_16,
/content/sound_project/classes/siren/siren_1__0160__1.#Uc790#Ub3d9#Ucc28_12148_1_part002.wav,siren,2,siren_1.zip,1.#Uc790#Ub3d9#Ucc28_12148_1_part002.wav,siren_1::1.#Uc790#Ub3d9#Ucc28_12148_1,1.603673469387755,44100,1,PCM_16,
/content/sound_project/classes/siren/siren_1__0161__1.#Uc790#Ub3d9#Ucc28_12148_1_part003.wav,siren,2,siren_1.zip,1.#Uc790#Ub3d9#Ucc28_12148_1_part003.wav,siren_1::1.#Uc790#Ub3d9#Ucc28_12148_1,1.6036507936507935,44100,1,PCM_16,
/content/sound_project/classes/siren/siren_1__0162__1.#Uc790#Ub3d9#Ucc28_12163_1_part001.wav,siren,2,siren_1.zip,1.#Uc790#Ub3d9#Ucc28_12163_1_part001.wav,siren_1::1.#Uc790#Ub3d9#Ucc28_12163_1,1.6606802721088436,44100,1,PCM_16,
/content/sound_project/classes/siren/siren_1__0163__1.#Uc790#Ub3d9#Ucc28_12163_1_part002.wav,siren,2,siren_1.zip,1.#Uc790#Ub3d9#Ucc28_12163_1_part002.wav,siren_1::1.#Uc790#Ub3d9#Ucc28_12163_1,1.6606575963718821,44100,1,PCM_16,
/content/sound_project/classes/siren/siren_1__0164__1.#Uc790#Ub3d9#Ucc28_12163_1_part003.wav,siren,2,siren_1.zip,1.#Uc790#Ub3d9#Ucc28_12163_1_part003.wav,siren_1::1.#Uc790#Ub3d9#Ucc28_12163_1,1.6606575963718821,44100,1,PCM_16,
/content/sound_project/classes/siren/siren_1__0165__1.#Uc790#Ub3d9#Ucc28_19052_1_part001.wav,siren,2,siren_1.zip,1.#Uc790#Ub3d9#Ucc28_19052_1_part001.wav,siren_1::1.#Uc790#Ub3d9#Ucc28_19052_1,1.54,44100,2,PCM_16,
/content/sound_project/classes/siren/siren_1__0166__1.#Uc790#Ub3d9#Ucc28_19052_1_part002.wav,siren,2,siren_1.zip,1.#Uc790#Ub3d9#Ucc28_19052_1_part002.wav,siren_1::1.#Uc790#Ub3d9#Ucc28_19052_1,1.54,44100,2,PCM_16,
/content/sound_project/classes/siren/siren_1__0167__1.#Uc790#Ub3d9#Ucc28_19871_1_part001.wav,siren,2,siren_1.zip,1.#Uc790#Ub3d9#Ucc28_19871_1_part001.wav,siren_1::1.#Uc790#Ub3d9#Ucc28_19871_1,1.8550113378684807,44100,1,PCM_16,
/content/sound_project/classes/siren/siren_1__0168__1.#Uc790#Ub3d9#Ucc28_19871_1_part002.wav,siren,2,siren_1.zip,1.#Uc790#Ub3d9#Ucc28_19871_1_part002.wav,siren_1::1.#Uc790#Ub3d9#Ucc28_19871_1,1.8549886621315193,44100,1,PCM_16,
/content/sound_project/classes/siren/siren_1__0169__1.#Uc790#Ub3d9#Ucc28_20376_1_part001.wav,siren,2,siren_1.zip,1.#Uc790#Ub3d9#Ucc28_20376_1_part001.wav,siren_1::1.#Uc790#Ub3d9#Ucc28_20376_1,1.6240136054421768,44100,1,PCM_16,
/content/sound_project/classes/siren/siren_1__0170__1.#Uc790#Ub3d9#Ucc28_20376_1_part002.wav,siren,2,siren_1.zip,1.#Uc790#Ub3d9#Ucc28_20376_1_part002.wav,siren_1::1.#Uc790#Ub3d9#Ucc28_20376_1,1.6240136054421768,44100,1,PCM_16,
/content/sound_project/classes/siren/siren_1__0171__1.#Uc790#Ub3d9#Ucc28_20376_1_part003.wav,siren,2,siren_1.zip,1.#Uc790#Ub3d9#Ucc28_20376_1_part003.wav,siren_1::1.#Uc790#Ub3d9#Ucc28_20376_1,1.6239909297052155,44100,1,PCM_16,
/content/sound_project/classes/siren/siren_1__0172__1.#Uc790#Ub3d9#Ucc28_20376_1_part004.wav,siren,2,siren_1.zip,1.#Uc790#Ub3d9#Ucc28_20376_1_part004.wav,siren_1::1.#Uc790#Ub3d9#Ucc28_20376_1,1.6239909297052155,44100,1,PCM_16,
/content/sound_project/classes/siren/siren_1__0173__1.#Uc790#Ub3d9#Ucc28_20376_1_part005.wav,siren,2,siren_1.zip,1.#Uc790#Ub3d9#Ucc28_20376_1_part005.wav,siren_1::1.#Uc790#Ub3d9#Ucc28_20376_1,1.6239909297052155,44100,1,PCM_16,
/content/sound_project/classes/siren/siren_1__0174__1.#Uc790#Ub3d9#Ucc28_23630_1_part001.wav,siren,2,siren_1.zip,1.#Uc790#Ub3d9#Ucc28_23630_1_part001.wav,siren_1::1.#Uc790#Ub3d9#Ucc28_23630_1,1.88,44100,1,PCM_16,
/content/sound_project/classes/siren/siren_2__0000__1.#Uc790#Ub3d9#Ucc28_23630_1_part002.wav,siren,2,siren_2.zip,1.#Uc790#Ub3d9#Ucc28_23630_1_part002.wav,siren_2::1.#Uc790#Ub3d9#Ucc28_23630_1,1.88,44100,1,PCM_16,
/content/sound_project/classes/siren/siren_2__0001__1.#Uc790#Ub3d9#Ucc28_23630_1_part003.wav,siren,2,siren_2.zip,1.#Uc790#Ub3d9#Ucc28_23630_1_part003.wav,siren_2::1.#Uc790#Ub3d9#Ucc28_23630_1,1.88,44100,1,PCM_16,
/content/sound_project/classes/siren/siren_2__0002__1.#Uc790#Ub3d9#Ucc28_293_1_part001.wav,siren,2,siren_2.zip,1.#Uc790#Ub3d9#Ucc28_293_1_part001.wav,siren_2::1.#Uc790#Ub3d9#Ucc28_293_1,1.9077324263038549,44100,2,PCM_16,
/content/sound_project/classes/siren/siren_2__0003__1.#Uc790#Ub3d9#Ucc28_293_1_part002.wav,siren,2,siren_2.zip,1.#Uc790#Ub3d9#Ucc28_293_1_part002.wav,siren_2::1.#Uc790#Ub3d9#Ucc28_293_1,1.9077097505668934,44100,2,PCM_16,
/content/sound_project/classes/siren/siren_2__0004__1.#Uc790#Ub3d9#Ucc28_293_1_part003.wav,siren,2,siren_2.zip,1.#Uc790#Ub3d9#Ucc28_293_1_part003.wav,siren_2::1.#Uc790#Ub3d9#Ucc28_293_1,1.9077097505668934,44100,2,PCM_16,
/content/sound_project/classes/siren/siren_2__0005__1.#Uc790#Ub3d9#Ucc28_293_1_part004.wav,siren,2,siren_2.zip,1.#Uc790#Ub3d9#Ucc28_293_1_part004.wav,siren_2::1.#Uc790#Ub3d9#Ucc28_293_1,1.9077097505668934,44100,2,PCM_16,
/content/sound_project/classes/siren/siren_2__0006__1.#Uc790#Ub3d9#Ucc28_293_1_part005.wav,siren,2,siren_2.zip,1.#Uc790#Ub3d9#Ucc28_293_1_part005.wav,siren_2::1.#Uc790#Ub3d9#Ucc28_293_1,1.9077097505668934,44100,2,PCM_16,
/content/sound_project/classes/siren/siren_2__0007__1.#Uc790#Ub3d9#Ucc28_293_1_part006.wav,siren,2,siren_2.zip,1.#Uc790#Ub3d9#Ucc28_293_1_part006.wav,siren_2::1.#Uc790#Ub3d9#Ucc28_293_1,1.9077097505668934,44100,2,PCM_16,
/content/sound_project/classes/siren/siren_2__0008__1.#Uc790#Ub3d9#Ucc28_293_1_part007.wav,siren,2,siren_2.zip,1.#Uc790#Ub3d9#Ucc28_293_1_part007.wav,siren_2::1.#Uc790#Ub3d9#Ucc28_293_1,1.9077097505668934,44100,2,PCM_16,
/content/sound_project/classes/siren/siren_2__0009__1.#Uc790#Ub3d9#Ucc28_295_1_part001.wav,siren,2,siren_2.zip,1.#Uc790#Ub3d9#Ucc28_295_1_part001.wav,siren_2::1.#Uc790#Ub3d9#Ucc28_295_1,1.9149433106575964,44100,1,PCM_16,
/content/sound_project/classes/siren/siren_2__0010__1.#Uc790#Ub3d9#Ucc28_295_1_part002.wav,siren,2,siren_2.zip,1.#Uc790#Ub3d9#Ucc28_295_1_part002.wav,siren_2::1.#Uc790#Ub3d9#Ucc28_295_1,1.914920634920635,44100,1,PCM_16,
/content/sound_project/classes/siren/siren_2__0011__1.#Uc790#Ub3d9#Ucc28_295_1_part003.wav,siren,2,siren_2.zip,1.#Uc790#Ub3d9#Ucc28_295_1_part003.wav,siren_2::1.#Uc790#Ub3d9#Ucc28_295_1,1.914920634920635,44100,1,PCM_16,
/content/sound_project/classes/siren/siren_2__0012__1.#Uc790#Ub3d9#Ucc28_295_1_part004.wav,siren,2,siren_2.zip,1.#Uc790#Ub3d9#Ucc28_295_1_part004.wav,siren_2::1.#Uc790#Ub3d9#Ucc28_295_1,1.914920634920635,44100,1,PCM_16,
/content/sound_project/classes/siren/siren_2__0013__1.#Uc790#Ub3d9#Ucc28_295_1_part005.wav,siren,2,siren_2.zip,1.#Uc790#Ub3d9#Ucc28_295_1_part005.wav,siren_2::1.#Uc790#Ub3d9#Ucc28_295_1,1.914920634920635,44100,1,PCM_16,
/content/sound_project/classes/siren/siren_2__0014__1.#Uc790#Ub3d9#Ucc28_295_1_part006.wav,siren,2,siren_2.zip,1.#Uc790#Ub3d9#Ucc28_295_1_part006.wav,siren_2::1.#Uc790#Ub3d9#Ucc28_295_1,1.914920634920635,44100,1,PCM_16,
/content/sound_project/classes/siren/siren_2__0015__1.#Uc790#Ub3d9#Ucc28_295_1_part007.wav,siren,2,siren_2.zip,1.#Uc790#Ub3d9#Ucc28_295_1_part007.wav,siren_2::1.#Uc790#Ub3d9#Ucc28_295_1,1.914920634920635,44100,1,PCM_16,
/content/sound_project/classes/siren/siren_2__0016__1.#Uc790#Ub3d9#Ucc28_295_1_part008.wav,siren,2,siren_2.zip,1.#Uc790#Ub3d9#Ucc28_295_1_part008.wav,siren_2::1.#Uc790#Ub3d9#Ucc28_295_1,1.914920634920635,44100,1,PCM_16,
/content/sound_project/classes/siren/siren_2__0017__1.#Uc790#Ub3d9#Ucc28_295_1_part009.wav,siren,2,siren_2.zip,1.#Uc790#Ub3d9#Ucc28_295_1_part009.wav,siren_2::1.#Uc790#Ub3d9#Ucc28_295_1,1.914920634920635,44100,1,PCM_16,
/content/sound_project/classes/siren/siren_2__0018__1.#Uc790#Ub3d9#Ucc28_295_1_part010.wav,siren,2,siren_2.zip,1.#Uc790#Ub3d9#Ucc28_295_1_part010.wav,siren_2::1.#Uc790#Ub3d9#Ucc28_295_1,1.914920634920635,44100,1,PCM_16,
/content/sound_project/classes/siren/siren_2__0019__1.#Uc790#Ub3d9#Ucc28_295_1_part011.wav,siren,2,siren_2.zip,1.#Uc790#Ub3d9#Ucc28_295_1_part011.wav,siren_2::1.#Uc790#Ub3d9#Ucc28_295_1,1.914920634920635,44100,1,PCM_16,
/content/sound_project/classes/siren/siren_2__0020__1.#Uc790#Ub3d9#Ucc28_295_1_part012.wav,siren,2,siren_2.zip,1.#Uc790#Ub3d9#Ucc28_295_1_part012.wav,siren_2::1.#Uc790#Ub3d9#Ucc28_295_1,1.914920634920635,44100,1,PCM_16,
/content/sound_project/classes/siren/siren_2__0021__1.#Uc790#Ub3d9#Ucc28_295_1_part013.wav,siren,2,siren_2.zip,1.#Uc790#Ub3d9#Ucc28_295_1_part013.wav,siren_2::1.#Uc790#Ub3d9#Ucc28_295_1,1.914920634920635,44100,1,PCM_16,
/content/sound_project/classes/siren/siren_2__0022__1.#Uc790#Ub3d9#Ucc28_308_1_part001.wav,siren,2,siren_2.zip,1.#Uc790#Ub3d9#Ucc28_308_1_part001.wav,siren_2::1.#Uc790#Ub3d9#Ucc28_308_1,1.999002267573696,44100,1,PCM_16,
/content/sound_project/classes/siren/siren_2__0023__1.#Uc790#Ub3d9#Ucc28_308_1_part002.wav,siren,2,siren_2.zip,1.#Uc790#Ub3d9#Ucc28_308_1_part002.wav,siren_2::1.#Uc790#Ub3d9#Ucc28_308_1,1.999002267573696,44100,1,PCM_16,
/content/sound_project/classes/siren/siren_2__0024__1.#Uc790#Ub3d9#Ucc28_308_1_part003.wav,siren,2,siren_2.zip,1.#Uc790#Ub3d9#Ucc28_308_1_part003.wav,siren_2::1.#Uc790#Ub3d9#Ucc28_308_1,1.9989795918367348,44100,1,PCM_16,
/content/sound_project/classes/siren/siren_2__0025__1.#Uc790#Ub3d9#Ucc28_311_1_part001.wav,siren,2,siren_2.zip,1.#Uc790#Ub3d9#Ucc28_311_1_part001.wav,siren_2::1.#Uc790#Ub3d9#Ucc28_311_1,1.9163492063492062,44100,2,PCM_16,
/content/sound_project/classes/siren/siren_2__0026__1.#Uc790#Ub3d9#Ucc28_311_1_part002.wav,siren,2,siren_2.zip,1.#Uc790#Ub3d9#Ucc28_311_1_part002.wav,siren_2::1.#Uc790#Ub3d9#Ucc28_311_1,1.916326530612245,44100,2,PCM_16,
/content/sound_project/classes/siren/siren_2__0027__1.#Uc790#Ub3d9#Ucc28_311_1_part003.wav,siren,2,siren_2.zip,1.#Uc790#Ub3d9#Ucc28_311_1_part003.wav,siren_2::1.#Uc790#Ub3d9#Ucc28_311_1,1.916326530612245,44100,2,PCM_16,
/content/sound_project/classes/siren/siren_2__0028__1.#Uc790#Ub3d9#Ucc28_311_1_part004.wav,siren,2,siren_2.zip,1.#Uc790#Ub3d9#Ucc28_311_1_part004.wav,siren_2::1.#Uc790#Ub3d9#Ucc28_311_1,1.916326530612245,44100,2,PCM_16,
/content/sound_project/classes/siren/siren_2__0029__1.#Uc790#Ub3d9#Ucc28_311_1_part005.wav,siren,2,siren_2.zip,1.#Uc790#Ub3d9#Ucc28_311_1_part005.wav,siren_2::1.#Uc790#Ub3d9#Ucc28_311_1,1.916326530612245,44100,2,PCM_16,
/content/sound_project/classes/siren/siren_2__0030__1.#Uc790#Ub3d9#Ucc28_311_1_part006.wav,siren,2,siren_2.zip,1.#Uc790#Ub3d9#Ucc28_311_1_part006.wav,siren_2::1.#Uc790#Ub3d9#Ucc28_311_1,1.916326530612245,44100,2,PCM_16,
/content/sound_project/classes/siren/siren_2__0031__1.#Uc790#Ub3d9#Ucc28_329_1_part001.wav,siren,2,siren_2.zip,1.#Uc790#Ub3d9#Ucc28_329_1_part001.wav,siren_2::1.#Uc790#Ub3d9#Ucc28_329_1,1.600204081632653,44100,2,PCM_16,
/content/sound_project/classes/siren/siren_2__0032__1.#Uc790#Ub3d9#Ucc28_329_1_part002.wav,siren,2,siren_2.zip,1.#Uc790#Ub3d9#Ucc28_329_1_part002.wav,siren_2::1.#Uc790#Ub3d9#Ucc28_329_1,1.600204081632653,44100,2,PCM_16,
/content/sound_project/classes/siren/siren_2__0033__1.#Uc790#Ub3d9#Ucc28_329_1_part003.wav,siren,2,siren_2.zip,1.#Uc790#Ub3d9#Ucc28_329_1_part003.wav,siren_2::1.#Uc790#Ub3d9#Ucc28_329_1,1.600204081632653,44100,2,PCM_16,
/content/sound_project/classes/siren/siren_2__0034__1.#Uc790#Ub3d9#Ucc28_329_1_part004.wav,siren,2,siren_2.zip,1.#Uc790#Ub3d9#Ucc28_329_1_part004.wav,siren_2::1.#Uc790#Ub3d9#Ucc28_329_1,1.600204081632653,44100,2,PCM_16,
/content/sound_project/classes/siren/siren_2__0035__1.#Uc790#Ub3d9#Ucc28_329_1_part005.wav,siren,2,siren_2.zip,1.#Uc790#Ub3d9#Ucc28_329_1_part005.wav,siren_2::1.#Uc790#Ub3d9#Ucc28_329_1,1.6001814058956916,44100,2,PCM_16,
/content/sound_project/classes/siren/siren_2__0036__1.#Uc790#Ub3d9#Ucc28_332_1_part001.wav,siren,2,siren_2.zip,1.#Uc790#Ub3d9#Ucc28_332_1_part001.wav,siren_2::1.#Uc790#Ub3d9#Ucc28_332_1,1.940498866213152,44100,2,PCM_16,
/content/sound_project/classes/siren/siren_2__0037__1.#Uc790#Ub3d9#Ucc28_332_1_part002.wav,siren,2,siren_2.zip,1.#Uc790#Ub3d9#Ucc28_332_1_part002.wav,siren_2::1.#Uc790#Ub3d9#Ucc28_332_1,1.940498866213152,44100,2,PCM_16,
/content/sound_project/classes/siren/siren_2__0038__1.#Uc790#Ub3d9#Ucc28_332_1_part003.wav,siren,2,siren_2.zip,1.#Uc790#Ub3d9#Ucc28_332_1_part003.wav,siren_2::1.#Uc790#Ub3d9#Ucc28_332_1,1.940498866213152,44100,2,PCM_16,
/content/sound_project/classes/siren/siren_2__0039__1.#Uc790#Ub3d9#Ucc28_332_1_part004.wav,siren,2,siren_2.zip,1.#Uc790#Ub3d9#Ucc28_332_1_part004.wav,siren_2::1.#Uc790#Ub3d9#Ucc28_332_1,1.940498866213152,44100,2,PCM_16,
/content/sound_project/classes/siren/siren_2__0040__1.#Uc790#Ub3d9#Ucc28_332_1_part005.wav,siren,2,siren_2.zip,1.#Uc790#Ub3d9#Ucc28_332_1_part005.wav,siren_2::1.#Uc790#Ub3d9#Ucc28_332_1,1.940498866213152,44100,2,PCM_16,
/content/sound_project/classes/siren/siren_2__0041__1.#Uc790#Ub3d9#Ucc28_332_1_part006.wav,siren,2,siren_2.zip,1.#Uc790#Ub3d9#Ucc28_332_1_part006.wav,siren_2::1.#Uc790#Ub3d9#Ucc28_332_1,1.940498866213152,44100,2,PCM_16,
/content/sound_project/classes/siren/siren_2__0042__1.#Uc790#Ub3d9#Ucc28_34388_1_part001.wav,siren,2,siren_2.zip,1.#Uc790#Ub3d9#Ucc28_34388_1_part001.wav,siren_2::1.#Uc790#Ub3d9#Ucc28_34388_1,1.7858503401360544,44100,1,PCM_16,
/content/sound_project/classes/siren/siren_2__0043__1.#Uc790#Ub3d9#Ucc28_34388_1_part002.wav,siren,2,siren_2.zip,1.#Uc790#Ub3d9#Ucc28_34388_1_part002.wav,siren_2::1.#Uc790#Ub3d9#Ucc28_34388_1,1.785827664399093,44100,1,PCM_16,
/content/sound_project/classes/siren/siren_2__0044__1.#Uc790#Ub3d9#Ucc28_34388_1_part003.wav,siren,2,siren_2.zip,1.#Uc790#Ub3d9#Ucc28_34388_1_part003.wav,siren_2::1.#Uc790#Ub3d9#Ucc28_34388_1,1.785827664399093,44100,1,PCM_16,
/content/sound_project/classes/siren/siren_2__0045__1.#Uc790#Ub3d9#Ucc28_34388_1_part004.wav,siren,2,siren_2.zip,1.#Uc790#Ub3d9#Ucc28_34388_1_part004.wav,siren_2::1.#Uc790#Ub3d9#Ucc28_34388_1,1.785827664399093,44100,1,PCM_16,
/content/sound_project/classes/siren/siren_2__0046__1.#Uc790#Ub3d9#Ucc28_34388_1_part005.wav,siren,2,siren_2.zip,1.#Uc790#Ub3d9#Ucc28_34388_1_part005.wav,siren_2::1.#Uc790#Ub3d9#Ucc28_34388_1,1.785827664399093,44100,1,PCM_16,
/content/sound_project/classes/siren/siren_2__0047__1.#Uc790#Ub3d9#Ucc28_34388_1_part006.wav,siren,2,siren_2.zip,1.#Uc790#Ub3d9#Ucc28_34388_1_part006.wav,siren_2::1.#Uc790#Ub3d9#Ucc28_34388_1,1.785827664399093,44100,1,PCM_16,
/content/sound_project/classes/siren/siren_2__0048__1.#Uc790#Ub3d9#Ucc28_34389_1_part001.wav,siren,2,siren_2.zip,1.#Uc790#Ub3d9#Ucc28_34389_1_part001.wav,siren_2::1.#Uc790#Ub3d9#Ucc28_34389_1,1.8840136054421768,44100,1,PCM_16,
/content/sound_project/classes/siren/siren_2__0049__1.#Uc790#Ub3d9#Ucc28_34389_1_part002.wav,siren,2,siren_2.zip,1.#Uc790#Ub3d9#Ucc28_34389_1_part002.wav,siren_2::1.#Uc790#Ub3d9#Ucc28_34389_1,1.8840136054421768,44100,1,PCM_16,
/content/sound_project/classes/siren/siren_2__0050__1.#Uc790#Ub3d9#Ucc28_34389_1_part003.wav,siren,2,siren_2.zip,1.#Uc790#Ub3d9#Ucc28_34389_1_part003.wav,siren_2::1.#Uc790#Ub3d9#Ucc28_34389_1,1.8839909297052153,44100,1,PCM_16,
/content/sound_project/classes/siren/siren_2__0051__1.#Uc790#Ub3d9#Ucc28_34389_1_part004.wav,siren,2,siren_2.zip,1.#Uc790#Ub3d9#Ucc28_34389_1_part004.wav,siren_2::1.#Uc790#Ub3d9#Ucc28_34389_1,1.8839909297052153,44100,1,PCM_16,
/content/sound_project/classes/siren/siren_2__0052__1.#Uc790#Ub3d9#Ucc28_34389_1_part005.wav,siren,2,siren_2.zip,1.#Uc790#Ub3d9#Ucc28_34389_1_part005.wav,siren_2::1.#Uc790#Ub3d9#Ucc28_34389_1,1.8839909297052153,44100,1,PCM_16,
/content/sound_project/classes/siren/siren_2__0053__1.#Uc790#Ub3d9#Ucc28_34389_1_part006.wav,siren,2,siren_2.zip,1.#Uc790#Ub3d9#Ucc28_34389_1_part006.wav,siren_2::1.#Uc790#Ub3d9#Ucc28_34389_1,1.8839909297052153,44100,1,PCM_16,
/content/sound_project/classes/siren/siren_2__0054__1.#Uc790#Ub3d9#Ucc28_34389_1_part007.wav,siren,2,siren_2.zip,1.#Uc790#Ub3d9#Ucc28_34389_1_part007.wav,siren_2::1.#Uc790#Ub3d9#Ucc28_34389_1,1.8839909297052153,44100,1,PCM_16,
/content/sound_project/classes/siren/siren_2__0055__1.#Uc790#Ub3d9#Ucc28_355_1_part001.wav,siren,2,siren_2.zip,1.#Uc790#Ub3d9#Ucc28_355_1_part001.wav,siren_2::1.#Uc790#Ub3d9#Ucc28_355_1,1.92,44100,1,PCM_16,
/content/sound_project/classes/siren/siren_2__0056__1.#Uc790#Ub3d9#Ucc28_355_1_part002.wav,siren,2,siren_2.zip,1.#Uc790#Ub3d9#Ucc28_355_1_part002.wav,siren_2::1.#Uc790#Ub3d9#Ucc28_355_1,1.92,44100,1,PCM_16,
/content/sound_project/classes/siren/siren_2__0057__1.#Uc790#Ub3d9#Ucc28_355_1_part003.wav,siren,2,siren_2.zip,1.#Uc790#Ub3d9#Ucc28_355_1_part003.wav,siren_2::1.#Uc790#Ub3d9#Ucc28_355_1,1.92,44100,1,PCM_16,
/content/sound_project/classes/siren/siren_2__0058__1.#Uc790#Ub3d9#Ucc28_355_1_part004.wav,siren,2,siren_2.zip,1.#Uc790#Ub3d9#Ucc28_355_1_part004.wav,siren_2::1.#Uc790#Ub3d9#Ucc28_355_1,1.92,44100,1,PCM_16,
/content/sound_project/classes/siren/siren_2__0059__1.#Uc790#Ub3d9#Ucc28_355_1_part005.wav,siren,2,siren_2.zip,1.#Uc790#Ub3d9#Ucc28_355_1_part005.wav,siren_2::1.#Uc790#Ub3d9#Ucc28_355_1,1.92,44100,1,PCM_16,
/content/sound_project/classes/siren/siren_2__0060__1.#Uc790#Ub3d9#Ucc28_355_1_part006.wav,siren,2,siren_2.zip,1.#Uc790#Ub3d9#Ucc28_355_1_part006.wav,siren_2::1.#Uc790#Ub3d9#Ucc28_355_1,1.92,44100,1,PCM_16,
/content/sound_project/classes/siren/siren_2__0061__1.#Uc790#Ub3d9#Ucc28_355_1_part007.wav,siren,2,siren_2.zip,1.#Uc790#Ub3d9#Ucc28_355_1_part007.wav,siren_2::1.#Uc790#Ub3d9#Ucc28_355_1,1.92,44100,1,PCM_16,
/content/sound_project/classes/siren/siren_2__0062__1.#Uc790#Ub3d9#Ucc28_355_1_part008.wav,siren,2,siren_2.zip,1.#Uc790#Ub3d9#Ucc28_355_1_part008.wav,siren_2::1.#Uc790#Ub3d9#Ucc28_355_1,1.92,44100,1,PCM_16,
/content/sound_project/classes/siren/siren_2__0063__1.#Uc790#Ub3d9#Ucc28_355_1_part009.wav,siren,2,siren_2.zip,1.#Uc790#Ub3d9#Ucc28_355_1_part009.wav,siren_2::1.#Uc790#Ub3d9#Ucc28_355_1,1.92,44100,1,PCM_16,
/content/sound_project/classes/siren/siren_2__0064__1.#Uc790#Ub3d9#Ucc28_355_1_part010.wav,siren,2,siren_2.zip,1.#Uc790#Ub3d9#Ucc28_355_1_part010.wav,siren_2::1.#Uc790#Ub3d9#Ucc28_355_1,1.92,44100,1,PCM_16,
/content/sound_project/classes/siren/siren_2__0065__1.#Uc790#Ub3d9#Ucc28_355_1_part011.wav,siren,2,siren_2.zip,1.#Uc790#Ub3d9#Ucc28_355_1_part011.wav,siren_2::1.#Uc790#Ub3d9#Ucc28_355_1,1.92,44100,1,PCM_16,
/content/sound_project/classes/siren/siren_2__0066__1.#Uc790#Ub3d9#Ucc28_355_1_part012.wav,siren,2,siren_2.zip,1.#Uc790#Ub3d9#Ucc28_355_1_part012.wav,siren_2::1.#Uc790#Ub3d9#Ucc28_355_1,1.92,44100,1,PCM_16,
/content/sound_project/classes/siren/siren_2__0067__1.#Uc790#Ub3d9#Ucc28_355_1_part013.wav,siren,2,siren_2.zip,1.#Uc790#Ub3d9#Ucc28_355_1_part013.wav,siren_2::1.#Uc790#Ub3d9#Ucc28_355_1,1.92,44100,1,PCM_16,
/content/sound_project/classes/siren/siren_2__0068__1.#Uc790#Ub3d9#Ucc28_355_1_part014.wav,siren,2,siren_2.zip,1.#Uc790#Ub3d9#Ucc28_355_1_part014.wav,siren_2::1.#Uc790#Ub3d9#Ucc28_355_1,1.92,44100,1,PCM_16,
/content/sound_project/classes/siren/siren_2__0069__1.#Uc790#Ub3d9#Ucc28_355_1_part015.wav,siren,2,siren_2.zip,1.#Uc790#Ub3d9#Ucc28_355_1_part015.wav,siren_2::1.#Uc790#Ub3d9#Ucc28_355_1,1.9199773242630385,44100,1,PCM_16,
/content/sound_project/classes/siren/siren_2__0070__1.#Uc790#Ub3d9#Ucc28_356_1_part001.wav,siren,2,siren_2.zip,1.#Uc790#Ub3d9#Ucc28_356_1_part001.wav,siren_2::1.#Uc790#Ub3d9#Ucc28_356_1,1.8385034013605441,44100,2,PCM_16,
/content/sound_project/classes/siren/siren_2__0071__1.#Uc790#Ub3d9#Ucc28_356_1_part002.wav,siren,2,siren_2.zip,1.#Uc790#Ub3d9#Ucc28_356_1_part002.wav,siren_2::1.#Uc790#Ub3d9#Ucc28_356_1,1.8385034013605441,44100,2,PCM_16,
/content/sound_project/classes/siren/siren_2__0072__1.#Uc790#Ub3d9#Ucc28_356_1_part003.wav,siren,2,siren_2.zip,1.#Uc790#Ub3d9#Ucc28_356_1_part003.wav,siren_2::1.#Uc790#Ub3d9#Ucc28_356_1,1.8385034013605441,44100,2,PCM_16,
/content/sound_project/classes/siren/siren_2__0073__1.#Uc790#Ub3d9#Ucc28_356_1_part004.wav,siren,2,siren_2.zip,1.#Uc790#Ub3d9#Ucc28_356_1_part004.wav,siren_2::1.#Uc790#Ub3d9#Ucc28_356_1,1.8385034013605441,44100,2,PCM_16,
/content/sound_project/classes/siren/siren_2__0074__1.#Uc790#Ub3d9#Ucc28_356_1_part005.wav,siren,2,siren_2.zip,1.#Uc790#Ub3d9#Ucc28_356_1_part005.wav,siren_2::1.#Uc790#Ub3d9#Ucc28_356_1,1.8385034013605441,44100,2,PCM_16,
/content/sound_project/classes/siren/siren_2__0075__1.#Uc790#Ub3d9#Ucc28_356_1_part006.wav,siren,2,siren_2.zip,1.#Uc790#Ub3d9#Ucc28_356_1_part006.wav,siren_2::1.#Uc790#Ub3d9#Ucc28_356_1,1.8384807256235827,44100,2,PCM_16,
/content/sound_project/classes/siren/siren_2__0076__1.#Uc790#Ub3d9#Ucc28_357_1_part001.wav,siren,2,siren_2.zip,1.#Uc790#Ub3d9#Ucc28_357_1_part001.wav,siren_2::1.#Uc790#Ub3d9#Ucc28_357_1,1.9008163265306122,44100,2,PCM_16,
/content/sound_project/classes/siren/siren_2__0077__1.#Uc790#Ub3d9#Ucc28_357_1_part002.wav,siren,2,siren_2.zip,1.#Uc790#Ub3d9#Ucc28_357_1_part002.wav,siren_2::1.#Uc790#Ub3d9#Ucc28_357_1,1.9008163265306122,44100,2,PCM_16,
/content/sound_project/classes/siren/siren_2__0078__1.#Uc790#Ub3d9#Ucc28_357_1_part003.wav,siren,2,siren_2.zip,1.#Uc790#Ub3d9#Ucc28_357_1_part003.wav,siren_2::1.#Uc790#Ub3d9#Ucc28_357_1,1.9007936507936507,44100,2,PCM_16,
/content/sound_project/classes/siren/siren_2__0079__1.#Uc790#Ub3d9#Ucc28_357_1_part004.wav,siren,2,siren_2.zip,1.#Uc790#Ub3d9#Ucc28_357_1_part004.wav,siren_2::1.#Uc790#Ub3d9#Ucc28_357_1,1.9007936507936507,44100,2,PCM_16,
/content/sound_project/classes/siren/siren_2__0080__1.#Uc790#Ub3d9#Ucc28_357_1_part005.wav,siren,2,siren_2.zip,1.#Uc790#Ub3d9#Ucc28_357_1_part005.wav,siren_2::1.#Uc790#Ub3d9#Ucc28_357_1,1.9007936507936507,44100,2,PCM_16,
/content/sound_project/classes/siren/siren_2__0081__1.#Uc790#Ub3d9#Ucc28_357_1_part006.wav,siren,2,siren_2.zip,1.#Uc790#Ub3d9#Ucc28_357_1_part006.wav,siren_2::1.#Uc790#Ub3d9#Ucc28_357_1,1.9007936507936507,44100,2,PCM_16,
/content/sound_project/classes/siren/siren_2__0082__1.#Uc790#Ub3d9#Ucc28_357_1_part007.wav,siren,2,siren_2.zip,1.#Uc790#Ub3d9#Ucc28_357_1_part007.wav,siren_2::1.#Uc790#Ub3d9#Ucc28_357_1,1.9007936507936507,44100,2,PCM_16,
/content/sound_project/classes/siren/siren_2__0083__1.#Uc790#Ub3d9#Ucc28_357_1_part008.wav,siren,2,siren_2.zip,1.#Uc790#Ub3d9#Ucc28_357_1_part008.wav,siren_2::1.#Uc790#Ub3d9#Ucc28_357_1,1.9007936507936507,44100,2,PCM_16,
/content/sound_project/classes/siren/siren_2__0084__1.#Uc790#Ub3d9#Ucc28_357_1_part009.wav,siren,2,siren_2.zip,1.#Uc790#Ub3d9#Ucc28_357_1_part009.wav,siren_2::1.#Uc790#Ub3d9#Ucc28_357_1,1.9007936507936507,44100,2,PCM_16,
/content/sound_project/classes/siren/siren_2__0085__1.#Uc790#Ub3d9#Ucc28_357_1_part010.wav,siren,2,siren_2.zip,1.#Uc790#Ub3d9#Ucc28_357_1_part010.wav,siren_2::1.#Uc790#Ub3d9#Ucc28_357_1,1.9007936507936507,44100,2,PCM_16,
/content/sound_project/classes/siren/siren_2__0086__1.#Uc790#Ub3d9#Ucc28_367_1_part001.wav,siren,2,siren_2.zip,1.#Uc790#Ub3d9#Ucc28_367_1_part001.wav,siren_2::1.#Uc790#Ub3d9#Ucc28_367_1,1.3685034013605442,44100,2,PCM_16,
/content/sound_project/classes/siren/siren_2__0087__1.#Uc790#Ub3d9#Ucc28_367_1_part002.wav,siren,2,siren_2.zip,1.#Uc790#Ub3d9#Ucc28_367_1_part002.wav,siren_2::1.#Uc790#Ub3d9#Ucc28_367_1,1.3684807256235827,44100,2,PCM_16,
/content/sound_project/classes/siren/siren_2__0088__1.#Uc790#Ub3d9#Ucc28_377_1_part001.wav,siren,2,siren_2.zip,1.#Uc790#Ub3d9#Ucc28_377_1_part001.wav,siren_2::1.#Uc790#Ub3d9#Ucc28_377_1,1.620748299319728,44100,2,PCM_16,
/content/sound_project/classes/siren/siren_2__0089__1.#Uc790#Ub3d9#Ucc28_377_1_part002.wav,siren,2,siren_2.zip,1.#Uc790#Ub3d9#Ucc28_377_1_part002.wav,siren_2::1.#Uc790#Ub3d9#Ucc28_377_1,1.620748299319728,44100,2,PCM_16,
/content/sound_project/classes/siren/siren_2__0090__1.#Uc790#Ub3d9#Ucc28_377_1_part003.wav,siren,2,siren_2.zip,1.#Uc790#Ub3d9#Ucc28_377_1_part003.wav,siren_2::1.#Uc790#Ub3d9#Ucc28_377_1,1.620748299319728,44100,2,PCM_16,
/content/sound_project/classes/siren/siren_2__0091__1.#Uc790#Ub3d9#Ucc28_377_1_part004.wav,siren,2,siren_2.zip,1.#Uc790#Ub3d9#Ucc28_377_1_part004.wav,siren_2::1.#Uc790#Ub3d9#Ucc28_377_1,1.620748299319728,44100,2,PCM_16,
/content/sound_project/classes/siren/siren_2__0092__1.#Uc790#Ub3d9#Ucc28_382_1_part001.wav,siren,2,siren_2.zip,1.#Uc790#Ub3d9#Ucc28_382_1_part001.wav,siren_2::1.#Uc790#Ub3d9#Ucc28_382_1,1.919251700680272,44100,2,PCM_16,
/content/sound_project/classes/siren/siren_2__0093__1.#Uc790#Ub3d9#Ucc28_382_1_part002.wav,siren,2,siren_2.zip,1.#Uc790#Ub3d9#Ucc28_382_1_part002.wav,siren_2::1.#Uc790#Ub3d9#Ucc28_382_1,1.919251700680272,44100,2,PCM_16,
/content/sound_project/classes/siren/siren_2__0094__1.#Uc790#Ub3d9#Ucc28_382_1_part003.wav,siren,2,siren_2.zip,1.#Uc790#Ub3d9#Ucc28_382_1_part003.wav,siren_2::1.#Uc790#Ub3d9#Ucc28_382_1,1.919251700680272,44100,2,PCM_16,
/content/sound_project/classes/siren/siren_2__0095__1.#Uc790#Ub3d9#Ucc28_382_1_part004.wav,siren,2,siren_2.zip,1.#Uc790#Ub3d9#Ucc28_382_1_part004.wav,siren_2::1.#Uc790#Ub3d9#Ucc28_382_1,1.919251700680272,44100,2,PCM_16,
/content/sound_project/classes/siren/siren_2__0096__1.#Uc790#Ub3d9#Ucc28_382_1_part005.wav,siren,2,siren_2.zip,1.#Uc790#Ub3d9#Ucc28_382_1_part005.wav,siren_2::1.#Uc790#Ub3d9#Ucc28_382_1,1.9192290249433106,44100,2,PCM_16,
/content/sound_project/classes/siren/siren_3__0000__siren_001_src01_0000.0s.wav,siren,2,siren_3.zip,siren_001_src01_0000.0s.wav,siren_3::siren_001_src01_0000.0s,2.0,16000,1,PCM_16,
/content/sound_project/classes/siren/siren_3__0001__siren_002_src01_0001.0s.wav,siren,2,siren_3.zip,siren_002_src01_0001.0s.wav,siren_3::siren_002_src01_0001.0s,2.0,16000,1,PCM_16,
/content/sound_project/classes/siren/siren_3__0002__siren_003_src01_0002.0s.wav,siren,2,siren_3.zip,siren_003_src01_0002.0s.wav,siren_3::siren_003_src01_0002.0s,2.0,16000,1,PCM_16,
/content/sound_project/classes/siren/siren_3__0003__siren_004_src01_0003.0s.wav,siren,2,siren_3.zip,siren_004_src01_0003.0s.wav,siren_3::siren_004_src01_0003.0s,2.0,16000,1,PCM_16,
/content/sound_project/classes/siren/siren_3__0004__siren_005_src01_0004.0s.wav,siren,2,siren_3.zip,siren_005_src01_0004.0s.wav,siren_3::siren_005_src01_0004.0s,2.0,16000,1,PCM_16,
/content/sound_project/classes/siren/siren_3__0005__siren_006_src01_0005.0s.wav,siren,2,siren_3.zip,siren_006_src01_0005.0s.wav,siren_3::siren_006_src01_0005.0s,2.0,16000,1,PCM_16,
/content/sound_project/classes/siren/siren_3__0006__siren_007_src01_0006.0s.wav,siren,2,siren_3.zip,siren_007_src01_0006.0s.wav,siren_3::siren_007_src01_0006.0s,2.0,16000,1,PCM_16,
/content/sound_project/classes/siren/siren_3__0007__siren_008_src01_0007.0s.wav,siren,2,siren_3.zip,siren_008_src01_0007.0s.wav,siren_3::siren_008_src01_0007.0s,2.0,16000,1,PCM_16,
/content/sound_project/classes/siren/siren_3__0008__siren_009_src01_0008.0s.wav,siren,2,siren_3.zip,siren_009_src01_0008.0s.wav,siren_3::siren_009_src01_0008.0s,2.0,16000,1,PCM_16,
/content/sound_project/classes/siren/siren_3__0009__siren_010_src01_0009.0s.wav,siren,2,siren_3.zip,siren_010_src01_0009.0s.wav,siren_3::siren_010_src01_0009.0s,2.0,16000,1,PCM_16,
/content/sound_project/classes/siren/siren_3__0010__siren_011_src02_0000.0s.wav,siren,2,siren_3.zip,siren_011_src02_0000.0s.wav,siren_3::siren_011_src02_0000.0s,2.0,16000,1,PCM_16,
/content/sound_project/classes/siren/siren_3__0011__siren_012_src02_0001.0s.wav,siren,2,siren_3.zip,siren_012_src02_0001.0s.wav,siren_3::siren_012_src02_0001.0s,2.0,16000,1,PCM_16,
/content/sound_project/classes/siren/siren_3__0012__siren_013_src02_0002.0s.wav,siren,2,siren_3.zip,siren_013_src02_0002.0s.wav,siren_3::siren_013_src02_0002.0s,2.0,16000,1,PCM_16,
/content/sound_project/classes/siren/siren_3__0013__siren_014_src02_0003.0s.wav,siren,2,siren_3.zip,siren_014_src02_0003.0s.wav,siren_3::siren_014_src02_0003.0s,2.0,16000,1,PCM_16,
/content/sound_project/classes/siren/siren_3__0014__siren_015_src02_0004.0s.wav,siren,2,siren_3.zip,siren_015_src02_0004.0s.wav,siren_3::siren_015_src02_0004.0s,2.0,16000,1,PCM_16,
/content/sound_project/classes/siren/siren_3__0015__siren_016_src02_0005.0s.wav,siren,2,siren_3.zip,siren_016_src02_0005.0s.wav,siren_3::siren_016_src02_0005.0s,2.0,16000,1,PCM_16,
/content/sound_project/classes/siren/siren_3__0016__siren_017_src02_0006.0s.wav,siren,2,siren_3.zip,siren_017_src02_0006.0s.wav,siren_3::siren_017_src02_0006.0s,2.0,16000,1,PCM_16,
/content/sound_project/classes/siren/siren_3__0017__siren_018_src02_0007.0s.wav,siren,2,siren_3.zip,siren_018_src02_0007.0s.wav,siren_3::siren_018_src02_0007.0s,2.0,16000,1,PCM_16,
/content/sound_project/classes/siren/siren_3__0018__siren_019_src02_0008.0s.wav,siren,2,siren_3.zip,siren_019_src02_0008.0s.wav,siren_3::siren_019_src02_0008.0s,2.0,16000,1,PCM_16,
/content/sound_project/classes/siren/siren_3__0019__siren_020_src02_0009.0s.wav,siren,2,siren_3.zip,siren_020_src02_0009.0s.wav,siren_3::siren_020_src02_0009.0s,2.0,16000,1,PCM_16,
/content/sound_project/classes/siren/siren_3__0020__siren_021_src02_0010.0s.wav,siren,2,siren_3.zip,siren_021_src02_0010.0s.wav,siren_3::siren_021_src02_0010.0s,2.0,16000,1,PCM_16,
/content/sound_project/classes/siren/siren_3__0021__siren_022_src02_0011.0s.wav,siren,2,siren_3.zip,siren_022_src02_0011.0s.wav,siren_3::siren_022_src02_0011.0s,2.0,16000,1,PCM_16,
/content/sound_project/classes/siren/siren_3__0022__siren_023_src02_0012.0s.wav,siren,2,siren_3.zip,siren_023_src02_0012.0s.wav,siren_3::siren_023_src02_0012.0s,2.0,16000,1,PCM_16,
/content/sound_project/classes/siren/siren_3__0023__siren_024_src02_0013.0s.wav,siren,2,siren_3.zip,siren_024_src02_0013.0s.wav,siren_3::siren_024_src02_0013.0s,2.0,16000,1,PCM_16,
/content/sound_project/classes/siren/siren_3__0024__siren_025_src02_0014.0s.wav,siren,2,siren_3.zip,siren_025_src02_0014.0s.wav,siren_3::siren_025_src02_0014.0s,2.0,16000,1,PCM_16,
/content/sound_project/classes/siren/siren_3__0025__siren_026_src02_0015.0s.wav,siren,2,siren_3.zip,siren_026_src02_0015.0s.wav,siren_3::siren_026_src02_0015.0s,2.0,16000,1,PCM_16,
/content/sound_project/classes/siren/siren_3__0026__siren_027_src02_0016.0s.wav,siren,2,siren_3.zip,siren_027_src02_0016.0s.wav,siren_3::siren_027_src02_0016.0s,2.0,16000,1,PCM_16,
/content/sound_project/classes/siren/siren_3__0027__siren_028_src02_0017.0s.wav,siren,2,siren_3.zip,siren_028_src02_0017.0s.wav,siren_3::siren_028_src02_0017.0s,2.0,16000,1,PCM_16,
/content/sound_project/classes/siren/siren_3__0028__siren_029_src02_0018.0s.wav,siren,2,siren_3.zip,siren_029_src02_0018.0s.wav,siren_3::siren_029_src02_0018.0s,2.0,16000,1,PCM_16,
/content/sound_project/classes/siren/siren_3__0029__siren_030_src02_0019.0s.wav,siren,2,siren_3.zip,siren_030_src02_0019.0s.wav,siren_3::siren_030_src02_0019.0s,2.0,16000,1,PCM_16,
/content/sound_project/classes/siren/siren_3__0030__siren_031_src02_0020.0s.wav,siren,2,siren_3.zip,siren_031_src02_0020.0s.wav,siren_3::siren_031_src02_0020.0s,2.0,16000,1,PCM_16,
/content/sound_project/classes/siren/siren_3__0031__siren_032_src02_0021.0s.wav,siren,2,siren_3.zip,siren_032_src02_0021.0s.wav,siren_3::siren_032_src02_0021.0s,2.0,16000,1,PCM_16,
/content/sound_project/classes/siren/siren_3__0032__siren_033_src02_0022.0s.wav,siren,2,siren_3.zip,siren_033_src02_0022.0s.wav,siren_3::siren_033_src02_0022.0s,2.0,16000,1,PCM_16,
/content/sound_project/classes/siren/siren_3__0033__siren_034_src02_0023.0s.wav,siren,2,siren_3.zip,siren_034_src02_0023.0s.wav,siren_3::siren_034_src02_0023.0s,2.0,16000,1,PCM_16,
/content/sound_project/classes/siren/siren_3__0034__siren_035_src02_0024.0s.wav,siren,2,siren_3.zip,siren_035_src02_0024.0s.wav,siren_3::siren_035_src02_0024.0s,2.0,16000,1,PCM_16,
/content/sound_project/classes/siren/siren_3__0035__siren_036_src02_0025.0s.wav,siren,2,siren_3.zip,siren_036_src02_0025.0s.wav,siren_3::siren_036_src02_0025.0s,2.0,16000,1,PCM_16,
/content/sound_project/classes/siren/siren_3__0036__siren_037_src02_0026.0s.wav,siren,2,siren_3.zip,siren_037_src02_0026.0s.wav,siren_3::siren_037_src02_0026.0s,2.0,16000,1,PCM_16,
/content/sound_project/classes/siren/siren_3__0037__siren_038_src02_0027.0s.wav,siren,2,siren_3.zip,siren_038_src02_0027.0s.wav,siren_3::siren_038_src02_0027.0s,2.0,16000,1,PCM_16,
/content/sound_project/classes/siren/siren_3__0038__siren_039_src02_0028.0s.wav,siren,2,siren_3.zip,siren_039_src02_0028.0s.wav,siren_3::siren_039_src02_0028.0s,2.0,16000,1,PCM_16,
/content/sound_project/classes/siren/siren_3__0039__siren_040_src02_0029.0s.wav,siren,2,siren_3.zip,siren_040_src02_0029.0s.wav,siren_3::siren_040_src02_0029.0s,2.0,16000,1,PCM_16,
/content/sound_project/classes/siren/siren_3__0040__siren_041_src02_0030.0s.wav,siren,2,siren_3.zip,siren_041_src02_0030.0s.wav,siren_3::siren_041_src02_0030.0s,2.0,16000,1,PCM_16,
/content/sound_project/classes/siren/siren_3__0041__siren_042_src02_0031.0s.wav,siren,2,siren_3.zip,siren_042_src02_0031.0s.wav,siren_3::siren_042_src02_0031.0s,2.0,16000,1,PCM_16,
/content/sound_project/classes/siren/siren_3__0042__siren_043_src02_0032.0s.wav,siren,2,siren_3.zip,siren_043_src02_0032.0s.wav,siren_3::siren_043_src02_0032.0s,2.0,16000,1,PCM_16,
/content/sound_project/classes/siren/siren_3__0043__siren_044_src02_0033.0s.wav,siren,2,siren_3.zip,siren_044_src02_0033.0s.wav,siren_3::siren_044_src02_0033.0s,2.0,16000,1,PCM_16,
/content/sound_project/classes/siren/siren_3__0044__siren_045_src02_0034.0s.wav,siren,2,siren_3.zip,siren_045_src02_0034.0s.wav,siren_3::siren_045_src02_0034.0s,2.0,16000,1,PCM_16,
/content/sound_project/classes/siren/siren_3__0045__siren_046_src02_0035.0s.wav,siren,2,siren_3.zip,siren_046_src02_0035.0s.wav,siren_3::siren_046_src02_0035.0s,2.0,16000,1,PCM_16,
/content/sound_project/classes/siren/siren_3__0046__siren_047_src02_0036.0s.wav,siren,2,siren_3.zip,siren_047_src02_0036.0s.wav,siren_3::siren_047_src02_0036.0s,2.0,16000,1,PCM_16,
/content/sound_project/classes/siren/siren_3__0047__siren_048_src02_0037.0s.wav,siren,2,siren_3.zip,siren_048_src02_0037.0s.wav,siren_3::siren_048_src02_0037.0s,2.0,16000,1,PCM_16,
/content/sound_project/classes/siren/siren_3__0048__siren_049_src03_0000.0s.wav,siren,2,siren_3.zip,siren_049_src03_0000.0s.wav,siren_3::siren_049_src03_0000.0s,2.0,16000,1,PCM_16,
/content/sound_project/classes/siren/siren_3__0049__siren_050_src03_0001.0s.wav,siren,2,siren_3.zip,siren_050_src03_0001.0s.wav,siren_3::siren_050_src03_0001.0s,2.0,16000,1,PCM_16,
/content/sound_project/classes/siren/siren_3__0050__siren_051_src03_0002.0s.wav,siren,2,siren_3.zip,siren_051_src03_0002.0s.wav,siren_3::siren_051_src03_0002.0s,2.0,16000,1,PCM_16,
/content/sound_project/classes/siren/siren_3__0051__siren_052_src03_0003.0s.wav,siren,2,siren_3.zip,siren_052_src03_0003.0s.wav,siren_3::siren_052_src03_0003.0s,2.0,16000,1,PCM_16,
/content/sound_project/classes/siren/siren_3__0052__siren_053_src03_0004.0s.wav,siren,2,siren_3.zip,siren_053_src03_0004.0s.wav,siren_3::siren_053_src03_0004.0s,2.0,16000,1,PCM_16,
/content/sound_project/classes/siren/siren_3__0053__siren_054_src03_0005.0s.wav,siren,2,siren_3.zip,siren_054_src03_0005.0s.wav,siren_3::siren_054_src03_0005.0s,2.0,16000,1,PCM_16,
/content/sound_project/classes/siren/siren_3__0054__siren_055_src03_0006.0s.wav,siren,2,siren_3.zip,siren_055_src03_0006.0s.wav,siren_3::siren_055_src03_0006.0s,2.0,16000,1,PCM_16,
/content/sound_project/classes/siren/siren_3__0055__siren_056_src03_0007.0s.wav,siren,2,siren_3.zip,siren_056_src03_0007.0s.wav,siren_3::siren_056_src03_0007.0s,2.0,16000,1,PCM_16,
/content/sound_project/classes/siren/siren_3__0056__siren_057_src03_0008.0s.wav,siren,2,siren_3.zip,siren_057_src03_0008.0s.wav,siren_3::siren_057_src03_0008.0s,2.0,16000,1,PCM_16,
/content/sound_project/classes/siren/siren_3__0057__siren_058_src03_0009.0s.wav,siren,2,siren_3.zip,siren_058_src03_0009.0s.wav,siren_3::siren_058_src03_0009.0s,2.0,16000,1,PCM_16,
/content/sound_project/classes/siren/siren_3__0058__siren_059_src03_0010.0s.wav,siren,2,siren_3.zip,siren_059_src03_0010.0s.wav,siren_3::siren_059_src03_0010.0s,2.0,16000,1,PCM_16,
/content/sound_project/classes/siren/siren_3__0059__siren_060_src03_0011.0s.wav,siren,2,siren_3.zip,siren_060_src03_0011.0s.wav,siren_3::siren_060_src03_0011.0s,2.0,16000,1,PCM_16,
/content/sound_project/classes/siren/siren_3__0060__siren_061_src03_0012.0s.wav,siren,2,siren_3.zip,siren_061_src03_0012.0s.wav,siren_3::siren_061_src03_0012.0s,2.0,16000,1,PCM_16,
/content/sound_project/classes/siren/siren_3__0061__siren_062_src03_0013.0s.wav,siren,2,siren_3.zip,siren_062_src03_0013.0s.wav,siren_3::siren_062_src03_0013.0s,2.0,16000,1,PCM_16,
/content/sound_project/classes/siren/siren_3__0062__siren_063_src03_0014.0s.wav,siren,2,siren_3.zip,siren_063_src03_0014.0s.wav,siren_3::siren_063_src03_0014.0s,2.0,16000,1,PCM_16,
/content/sound_project/classes/siren/siren_3__0063__siren_064_src03_0015.0s.wav,siren,2,siren_3.zip,siren_064_src03_0015.0s.wav,siren_3::siren_064_src03_0015.0s,2.0,16000,1,PCM_16,
/content/sound_project/classes/siren/siren_3__0064__siren_065_src03_0016.0s.wav,siren,2,siren_3.zip,siren_065_src03_0016.0s.wav,siren_3::siren_065_src03_0016.0s,2.0,16000,1,PCM_16,
/content/sound_project/classes/siren/siren_3__0065__siren_066_src03_0017.0s.wav,siren,2,siren_3.zip,siren_066_src03_0017.0s.wav,siren_3::siren_066_src03_0017.0s,2.0,16000,1,PCM_16,
/content/sound_project/classes/siren/siren_3__0066__siren_067_src03_0018.0s.wav,siren,2,siren_3.zip,siren_067_src03_0018.0s.wav,siren_3::siren_067_src03_0018.0s,2.0,16000,1,PCM_16,
/content/sound_project/classes/siren/siren_3__0067__siren_068_src03_0019.0s.wav,siren,2,siren_3.zip,siren_068_src03_0019.0s.wav,siren_3::siren_068_src03_0019.0s,2.0,16000,1,PCM_16,
/content/sound_project/classes/siren/siren_3__0068__siren_069_src03_0020.0s.wav,siren,2,siren_3.zip,siren_069_src03_0020.0s.wav,siren_3::siren_069_src03_0020.0s,2.0,16000,1,PCM_16,
/content/sound_project/classes/siren/siren_3__0069__siren_070_src03_0021.0s.wav,siren,2,siren_3.zip,siren_070_src03_0021.0s.wav,siren_3::siren_070_src03_0021.0s,2.0,16000,1,PCM_16,
/content/sound_project/classes/siren/siren_3__0070__siren_071_src03_0022.0s.wav,siren,2,siren_3.zip,siren_071_src03_0022.0s.wav,siren_3::siren_071_src03_0022.0s,2.0,16000,1,PCM_16,
/content/sound_project/classes/siren/siren_3__0071__siren_072_src03_0023.0s.wav,siren,2,siren_3.zip,siren_072_src03_0023.0s.wav,siren_3::siren_072_src03_0023.0s,2.0,16000,1,PCM_16,
/content/sound_project/classes/siren/siren_3__0072__siren_073_src03_0024.0s.wav,siren,2,siren_3.zip,siren_073_src03_0024.0s.wav,siren_3::siren_073_src03_0024.0s,2.0,16000,1,PCM_16,
/content/sound_project/classes/siren/siren_3__0073__siren_074_src03_0025.0s.wav,siren,2,siren_3.zip,siren_074_src03_0025.0s.wav,siren_3::siren_074_src03_0025.0s,2.0,16000,1,PCM_16,
/content/sound_project/classes/siren/siren_3__0074__siren_075_src03_0026.0s.wav,siren,2,siren_3.zip,siren_075_src03_0026.0s.wav,siren_3::siren_075_src03_0026.0s,2.0,16000,1,PCM_16,
/content/sound_project/classes/siren/siren_3__0075__siren_076_src03_0027.0s.wav,siren,2,siren_3.zip,siren_076_src03_0027.0s.wav,siren_3::siren_076_src03_0027.0s,2.0,16000,1,PCM_16,
/content/sound_project/classes/siren/siren_3__0076__siren_077_src03_0028.0s.wav,siren,2,siren_3.zip,siren_077_src03_0028.0s.wav,siren_3::siren_077_src03_0028.0s,2.0,16000,1,PCM_16,
/content/sound_project/classes/siren/siren_3__0077__siren_078_src03_0029.0s.wav,siren,2,siren_3.zip,siren_078_src03_0029.0s.wav,siren_3::siren_078_src03_0029.0s,2.0,16000,1,PCM_16,
/content/sound_project/classes/siren/siren_3__0078__siren_079_src03_0030.0s.wav,siren,2,siren_3.zip,siren_079_src03_0030.0s.wav,siren_3::siren_079_src03_0030.0s,2.0,16000,1,PCM_16,
/content/sound_project/classes/siren/siren_3__0079__siren_080_src03_0031.0s.wav,siren,2,siren_3.zip,siren_080_src03_0031.0s.wav,siren_3::siren_080_src03_0031.0s,2.0,16000,1,PCM_16,
/content/sound_project/classes/siren/siren_3__0080__siren_081_src03_0032.0s.wav,siren,2,siren_3.zip,siren_081_src03_0032.0s.wav,siren_3::siren_081_src03_0032.0s,2.0,16000,1,PCM_16,
/content/sound_project/classes/siren/siren_3__0081__siren_082_src03_0033.0s.wav,siren,2,siren_3.zip,siren_082_src03_0033.0s.wav,siren_3::siren_082_src03_0033.0s,2.0,16000,1,PCM_16,
/content/sound_project/classes/siren/siren_3__0082__siren_083_src03_0034.0s.wav,siren,2,siren_3.zip,siren_083_src03_0034.0s.wav,siren_3::siren_083_src03_0034.0s,2.0,16000,1,PCM_16,
/content/sound_project/classes/siren/siren_3__0083__siren_084_src03_0035.0s.wav,siren,2,siren_3.zip,siren_084_src03_0035.0s.wav,siren_3::siren_084_src03_0035.0s,2.0,16000,1,PCM_16,
/content/sound_project/classes/siren/siren_3__0084__siren_085_src03_0036.0s.wav,siren,2,siren_3.zip,siren_085_src03_0036.0s.wav,siren_3::siren_085_src03_0036.0s,2.0,16000,1,PCM_16,
/content/sound_project/classes/siren/siren_3__0085__siren_086_src04_0000.0s.wav,siren,2,siren_3.zip,siren_086_src04_0000.0s.wav,siren_3::siren_086_src04_0000.0s,2.0,16000,1,PCM_16,
/content/sound_project/classes/siren/siren_3__0086__siren_087_src04_0001.0s.wav,siren,2,siren_3.zip,siren_087_src04_0001.0s.wav,siren_3::siren_087_src04_0001.0s,2.0,16000,1,PCM_16,
/content/sound_project/classes/siren/siren_3__0087__siren_088_src04_0002.0s.wav,siren,2,siren_3.zip,siren_088_src04_0002.0s.wav,siren_3::siren_088_src04_0002.0s,2.0,16000,1,PCM_16,
/content/sound_project/classes/siren/siren_3__0088__siren_089_src04_0003.0s.wav,siren,2,siren_3.zip,siren_089_src04_0003.0s.wav,siren_3::siren_089_src04_0003.0s,2.0,16000,1,PCM_16,
/content/sound_project/classes/siren/siren_3__0089__siren_090_src04_0004.0s.wav,siren,2,siren_3.zip,siren_090_src04_0004.0s.wav,siren_3::siren_090_src04_0004.0s,2.0,16000,1,PCM_16,
/content/sound_project/classes/siren/siren_3__0090__siren_091_src04_0005.0s.wav,siren,2,siren_3.zip,siren_091_src04_0005.0s.wav,siren_3::siren_091_src04_0005.0s,2.0,16000,1,PCM_16,
/content/sound_project/classes/siren/siren_3__0091__siren_092_src04_0006.0s.wav,siren,2,siren_3.zip,siren_092_src04_0006.0s.wav,siren_3::siren_092_src04_0006.0s,2.0,16000,1,PCM_16,
/content/sound_project/classes/siren/siren_3__0092__siren_093_src04_0007.0s.wav,siren,2,siren_3.zip,siren_093_src04_0007.0s.wav,siren_3::siren_093_src04_0007.0s,2.0,16000,1,PCM_16,
/content/sound_project/classes/siren/siren_3__0093__siren_094_src05_0000.0s.wav,siren,2,siren_3.zip,siren_094_src05_0000.0s.wav,siren_3::siren_094_src05_0000.0s,2.0,16000,1,PCM_16,
/content/sound_project/classes/siren/siren_3__0094__siren_095_src05_0001.0s.wav,siren,2,siren_3.zip,siren_095_src05_0001.0s.wav,siren_3::siren_095_src05_0001.0s,2.0,16000,1,PCM_16,
/content/sound_project/classes/siren/siren_3__0095__siren_096_src05_0002.0s.wav,siren,2,siren_3.zip,siren_096_src05_0002.0s.wav,siren_3::siren_096_src05_0002.0s,2.0,16000,1,PCM_16,
/content/sound_project/classes/siren/siren_3__0096__siren_097_src05_0003.0s.wav,siren,2,siren_3.zip,siren_097_src05_0003.0s.wav,siren_3::siren_097_src05_0003.0s,2.0,16000,1,PCM_16,
/content/sound_project/classes/siren/siren_3__0097__siren_098_src05_0004.0s.wav,siren,2,siren_3.zip,siren_098_src05_0004.0s.wav,siren_3::siren_098_src05_0004.0s,2.0,16000,1,PCM_16,
/content/sound_project/classes/siren/siren_3__0098__siren_099_src05_0005.0s.wav,siren,2,siren_3.zip,siren_099_src05_0005.0s.wav,siren_3::siren_099_src05_0005.0s,2.0,16000,1,PCM_16,
/content/sound_project/classes/siren/siren_3__0099__siren_100_src05_0006.0s.wav,siren,2,siren_3.zip,siren_100_src05_0006.0s.wav,siren_3::siren_100_src05_0006.0s,2.0,16000,1,PCM_16,
/content/sound_project/classes/siren/siren_3__0100__siren_101_src05_0007.0s.wav,siren,2,siren_3.zip,siren_101_src05_0007.0s.wav,siren_3::siren_101_src05_0007.0s,2.0,16000,1,PCM_16,
/content/sound_project/classes/siren/siren_3__0101__siren_102_src05_0008.0s.wav,siren,2,siren_3.zip,siren_102_src05_0008.0s.wav,siren_3::siren_102_src05_0008.0s,2.0,16000,1,PCM_16,
/content/sound_project/classes/siren/siren_3__0102__siren_103_src05_0009.0s.wav,siren,2,siren_3.zip,siren_103_src05_0009.0s.wav,siren_3::siren_103_src05_0009.0s,2.0,16000,1,PCM_16,
/content/sound_project/classes/siren/siren_3__0103__siren_104_src05_0010.0s.wav,siren,2,siren_3.zip,siren_104_src05_0010.0s.wav,siren_3::siren_104_src05_0010.0s,2.0,16000,1,PCM_16,
/content/sound_project/classes/siren/siren_3__0104__siren_105_src05_0011.0s.wav,siren,2,siren_3.zip,siren_105_src05_0011.0s.wav,siren_3::siren_105_src05_0011.0s,2.0,16000,1,PCM_16,
/content/sound_project/classes/siren/siren_3__0105__siren_106_src05_0012.0s.wav,siren,2,siren_3.zip,siren_106_src05_0012.0s.wav,siren_3::siren_106_src05_0012.0s,2.0,16000,1,PCM_16,
/content/sound_project/classes/siren/siren_3__0106__siren_107_src05_0013.0s.wav,siren,2,siren_3.zip,siren_107_src05_0013.0s.wav,siren_3::siren_107_src05_0013.0s,2.0,16000,1,PCM_16,
/content/sound_project/classes/siren/siren_3__0107__siren_108_src05_0014.0s.wav,siren,2,siren_3.zip,siren_108_src05_0014.0s.wav,siren_3::siren_108_src05_0014.0s,2.0,16000,1,PCM_16,
/content/sound_project/classes/siren/siren_3__0108__siren_109_src05_0015.0s.wav,siren,2,siren_3.zip,siren_109_src05_0015.0s.wav,siren_3::siren_109_src05_0015.0s,2.0,16000,1,PCM_16,
/content/sound_project/classes/siren/siren_3__0109__siren_110_src05_0016.0s.wav,siren,2,siren_3.zip,siren_110_src05_0016.0s.wav,siren_3::siren_110_src05_0016.0s,2.0,16000,1,PCM_16,
/content/sound_project/classes/siren/siren_3__0110__siren_111_src05_0017.0s.wav,siren,2,siren_3.zip,siren_111_src05_0017.0s.wav,siren_3::siren_111_src05_0017.0s,2.0,16000,1,PCM_16,
/content/sound_project/classes/siren/siren_3__0111__siren_112_src05_0019.0s.wav,siren,2,siren_3.zip,siren_112_src05_0019.0s.wav,siren_3::siren_112_src05_0019.0s,2.0,16000,1,PCM_16,
/content/sound_project/classes/siren/siren_3__0112__siren_113_src05_0020.0s.wav,siren,2,siren_3.zip,siren_113_src05_0020.0s.wav,siren_3::siren_113_src05_0020.0s,2.0,16000,1,PCM_16,
/content/sound_project/classes/siren/siren_3__0113__siren_114_src05_0021.0s.wav,siren,2,siren_3.zip,siren_114_src05_0021.0s.wav,siren_3::siren_114_src05_0021.0s,2.0,16000,1,PCM_16,
/content/sound_project/classes/siren/siren_3__0114__siren_115_src05_0022.0s.wav,siren,2,siren_3.zip,siren_115_src05_0022.0s.wav,siren_3::siren_115_src05_0022.0s,2.0,16000,1,PCM_16,
/content/sound_project/classes/siren/siren_3__0115__siren_116_src05_0023.0s.wav,siren,2,siren_3.zip,siren_116_src05_0023.0s.wav,siren_3::siren_116_src05_0023.0s,2.0,16000,1,PCM_16,
/content/sound_project/classes/siren/siren_3__0116__siren_117_src05_0024.0s.wav,siren,2,siren_3.zip,siren_117_src05_0024.0s.wav,siren_3::siren_117_src05_0024.0s,2.0,16000,1,PCM_16,
/content/sound_project/classes/siren/siren_3__0117__siren_118_src05_0025.0s.wav,siren,2,siren_3.zip,siren_118_src05_0025.0s.wav,siren_3::siren_118_src05_0025.0s,2.0,16000,1,PCM_16,
/content/sound_project/classes/siren/siren_3__0118__siren_119_src05_0026.0s.wav,siren,2,siren_3.zip,siren_119_src05_0026.0s.wav,siren_3::siren_119_src05_0026.0s,2.0,16000,1,PCM_16,
/content/sound_project/classes/siren/siren_3__0119__siren_120_src05_0027.0s.wav,siren,2,siren_3.zip,siren_120_src05_0027.0s.wav,siren_3::siren_120_src05_0027.0s,2.0,16000,1,PCM_16,
/content/sound_project/classes/siren/siren_3__0120__siren_121_src05_0028.0s.wav,siren,2,siren_3.zip,siren_121_src05_0028.0s.wav,siren_3::siren_121_src05_0028.0s,2.0,16000,1,PCM_16,
/content/sound_project/classes/siren/siren_3__0121__siren_122_src05_0029.0s.wav,siren,2,siren_3.zip,siren_122_src05_0029.0s.wav,siren_3::siren_122_src05_0029.0s,2.0,16000,1,PCM_16,
/content/sound_project/classes/siren/siren_3__0122__siren_123_src05_0030.0s.wav,siren,2,siren_3.zip,siren_123_src05_0030.0s.wav,siren_3::siren_123_src05_0030.0s,2.0,16000,1,PCM_16,
/content/sound_project/classes/siren/siren_3__0123__siren_124_src05_0031.0s.wav,siren,2,siren_3.zip,siren_124_src05_0031.0s.wav,siren_3::siren_124_src05_0031.0s,2.0,16000,1,PCM_16,
/content/sound_project/classes/siren/siren_3__0124__siren_125_src05_0032.0s.wav,siren,2,siren_3.zip,siren_125_src05_0032.0s.wav,siren_3::siren_125_src05_0032.0s,2.0,16000,1,PCM_16,
/content/sound_project/classes/siren/siren_3__0125__siren_126_src05_0033.0s.wav,siren,2,siren_3.zip,siren_126_src05_0033.0s.wav,siren_3::siren_126_src05_0033.0s,2.0,16000,1,PCM_16,
/content/sound_project/classes/siren/siren_3__0126__siren_127_src05_0034.0s.wav,siren,2,siren_3.zip,siren_127_src05_0034.0s.wav,siren_3::siren_127_src05_0034.0s,2.0,16000,1,PCM_16,
/content/sound_project/classes/siren/siren_3__0127__siren_128_src05_0035.0s.wav,siren,2,siren_3.zip,siren_128_src05_0035.0s.wav,siren_3::siren_128_src05_0035.0s,2.0,16000,1,PCM_16,
/content/sound_project/classes/siren/siren_3__0128__siren_129_src06_0000.0s.wav,siren,2,siren_3.zip,siren_129_src06_0000.0s.wav,siren_3::siren_129_src06_0000.0s,2.0,16000,1,PCM_16,
/content/sound_project/classes/siren/siren_3__0129__siren_130_src06_0001.0s.wav,siren,2,siren_3.zip,siren_130_src06_0001.0s.wav,siren_3::siren_130_src06_0001.0s,2.0,16000,1,PCM_16,
/content/sound_project/classes/siren/siren_3__0130__siren_131_src06_0002.0s.wav,siren,2,siren_3.zip,siren_131_src06_0002.0s.wav,siren_3::siren_131_src06_0002.0s,2.0,16000,1,PCM_16,
/content/sound_project/classes/siren/siren_3__0131__siren_132_src06_0003.0s.wav,siren,2,siren_3.zip,siren_132_src06_0003.0s.wav,siren_3::siren_132_src06_0003.0s,2.0,16000,1,PCM_16,
/content/sound_project/classes/siren/siren_3__0132__siren_133_src06_0004.0s.wav,siren,2,siren_3.zip,siren_133_src06_0004.0s.wav,siren_3::siren_133_src06_0004.0s,2.0,16000,1,PCM_16,
/content/sound_project/classes/siren/siren_3__0133__siren_134_src06_0005.0s.wav,siren,2,siren_3.zip,siren_134_src06_0005.0s.wav,siren_3::siren_134_src06_0005.0s,2.0,16000,1,PCM_16,
/content/sound_project/classes/siren/siren_3__0134__siren_135_src06_0006.0s.wav,siren,2,siren_3.zip,siren_135_src06_0006.0s.wav,siren_3::siren_135_src06_0006.0s,2.0,16000,1,PCM_16,
/content/sound_project/classes/siren/siren_3__0135__siren_136_src06_0007.0s.wav,siren,2,siren_3.zip,siren_136_src06_0007.0s.wav,siren_3::siren_136_src06_0007.0s,2.0,16000,1,PCM_16,
/content/sound_project/classes/siren/siren_3__0136__siren_137_src06_0008.0s.wav,siren,2,siren_3.zip,siren_137_src06_0008.0s.wav,siren_3::siren_137_src06_0008.0s,2.0,16000,1,PCM_16,
/content/sound_project/classes/siren/siren_3__0137__siren_138_src06_0009.0s.wav,siren,2,siren_3.zip,siren_138_src06_0009.0s.wav,siren_3::siren_138_src06_0009.0s,2.0,16000,1,PCM_16,
/content/sound_project/classes/siren/siren_3__0138__siren_139_src06_0010.0s.wav,siren,2,siren_3.zip,siren_139_src06_0010.0s.wav,siren_3::siren_139_src06_0010.0s,2.0,16000,1,PCM_16,
/content/sound_project/classes/siren/siren_3__0139__siren_140_src06_0011.0s.wav,siren,2,siren_3.zip,siren_140_src06_0011.0s.wav,siren_3::siren_140_src06_0011.0s,2.0,16000,1,PCM_16,
/content/sound_project/classes/siren/siren_3__0140__siren_141_src06_0012.0s.wav,siren,2,siren_3.zip,siren_141_src06_0012.0s.wav,siren_3::siren_141_src06_0012.0s,2.0,16000,1,PCM_16,
/content/sound_project/classes/siren/siren_3__0141__siren_142_src06_0013.0s.wav,siren,2,siren_3.zip,siren_142_src06_0013.0s.wav,siren_3::siren_142_src06_0013.0s,2.0,16000,1,PCM_16,
/content/sound_project/classes/siren/siren_3__0142__siren_143_src06_0014.0s.wav,siren,2,siren_3.zip,siren_143_src06_0014.0s.wav,siren_3::siren_143_src06_0014.0s,2.0,16000,1,PCM_16,
/content/sound_project/classes/siren/siren_3__0143__siren_144_src06_0015.0s.wav,siren,2,siren_3.zip,siren_144_src06_0015.0s.wav,siren_3::siren_144_src06_0015.0s,2.0,16000,1,PCM_16,
/content/sound_project/classes/siren/siren_3__0144__siren_145_src06_0016.0s.wav,siren,2,siren_3.zip,siren_145_src06_0016.0s.wav,siren_3::siren_145_src06_0016.0s,2.0,16000,1,PCM_16,
/content/sound_project/classes/siren/siren_3__0145__siren_146_src06_0017.0s.wav,siren,2,siren_3.zip,siren_146_src06_0017.0s.wav,siren_3::siren_146_src06_0017.0s,2.0,16000,1,PCM_16,
/content/sound_project/classes/siren/siren_3__0146__siren_147_src06_0018.0s.wav,siren,2,siren_3.zip,siren_147_src06_0018.0s.wav,siren_3::siren_147_src06_0018.0s,2.0,16000,1,PCM_16,
